treatment,tree_id,deploy,metabolite,hfa,site_num,tree_num,decomp_day,well_id,time,od_corrected
P,HOK,HOK ,SEK,A,2,5,7,1A,30,0.66925
AB,HOK,HOK ,SEK,A,2,5,7,1B,30,1.34625
P,SEK,HOK ,SEK,H,2,5,7,1C,30,1.62725
AB,SEK,HOK ,SEK,H,2,5,7,1D,30,1.38725
P,SEK,SEK ,SEK,H,2,5,7,1E,30,0.40625
AB,SEK,SEK ,SEK,H,2,5,7,1F,30,0.33225
P,HOK,SEK ,SEK,A,2,5,7,1G,30,1.24225
AB,HOK,SEK ,SEK,A,2,5,7,1H,30,1.74325
P,HOK,HOK ,SEK,A,2,5,7,2A,30,0.27325
AB,HOK,HOK ,SEK,A,2,5,7,2B,30,0.58925
P,SEK,HOK ,SEK,H,2,5,7,2C,30,0.21125
AB,SEK,HOK ,SEK,H,2,5,7,2D,30,0.51925
P,SEK,SEK ,SEK,H,2,5,7,2E,30,0.30725
AB,SEK,SEK ,SEK,H,2,5,7,2F,30,0.42925
P,HOK,SEK ,SEK,A,2,5,7,2G,30,0.27025
AB,HOK,SEK ,SEK,A,2,5,7,2H,30,1.93325
P,HOK,HOK ,SEK,A,2,5,7,3A,30,1.38125
AB,HOK,HOK ,SEK,A,2,5,7,3B,30,1.40225
P,SEK,HOK ,SEK,H,2,5,7,3C,30,0.92425
AB,SEK,HOK ,SEK,H,2,5,7,3D,30,0.26225
P,SEK,SEK ,SEK,H,2,5,7,3E,30,1.84825
AB,SEK,SEK ,SEK,H,2,5,7,3F,30,0.27125
P,HOK,SEK ,SEK,A,2,5,7,3G,30,0.27325
AB,HOK,SEK ,SEK,A,2,5,7,3H,30,0.26225
P,HOK,HOK ,SEK,A,2,4,7,4A,30,0.93625
AB,HOK,HOK ,SEK,A,2,4,7,4B,30,1.17825
P,SEK,HOK ,SEK,H,2,4,7,4C,30,1.35025
AB,SEK,HOK ,SEK,H,2,4,7,4D,30,1.34125
P,SEK,SEK ,SEK,H,2,4,7,4E,30,1.18325
AB,SEK,SEK ,SEK,H,2,4,7,4F,30,0.24625
P,HOK,SEK ,SEK,A,2,4,7,4G,30,0.20225
AB,HOK,SEK ,SEK,A,2,4,7,4H,30,0.66425
P,HOK,HOK ,SEK,A,2,4,7,5A,30,0.80825
AB,HOK,HOK ,SEK,A,2,4,7,5B,30,0.40225
P,SEK,HOK ,SEK,H,2,4,7,5C,30,0.46225
AB,SEK,HOK ,SEK,H,2,4,7,5D,30,0.67525
P,SEK,SEK ,SEK,H,2,4,7,5E,30,0.71225
AB,SEK,SEK ,SEK,H,2,4,7,5F,30,0.39625
P,HOK,SEK ,SEK,A,2,4,7,5G,30,0.39325
AB,HOK,SEK ,SEK,A,2,4,7,5H,30,0.51125
P,HOK,HOK ,HOK,H,2,4,7,6A,30,1.63325
AB,HOK,HOK ,HOK,H,2,4,7,6B,30,0.31625
P,SEK,HOK ,HOK,A,2,4,7,6C,30,0.30725
AB,SEK,HOK ,HOK,A,2,4,7,6D,30,0.63325
P,SEK,SEK ,HOK,A,2,4,7,6E,30,1.27525
AB,SEK,SEK ,HOK,A,2,4,7,6F,30,0.91925
P,HOK,SEK ,HOK,H,2,4,7,6G,30,1.18025
AB,HOK,SEK ,HOK,H,2,4,7,6H,30,0.49825
P,HOK,HOK ,HOK,H,2,3,7,7A,30,0.20525
AB,HOK,HOK ,HOK,H,2,3,7,7B,30,0.16425
P,SEK,HOK ,HOK,A,2,3,7,7C,30,0.27325
AB,SEK,HOK ,HOK,A,2,3,7,7D,30,0.39225
P,SEK,SEK ,HOK,A,2,3,7,7E,30,0.22725
AB,SEK,SEK ,HOK,A,2,3,7,7F,30,0.27225
P,HOK,SEK ,HOK,H,2,3,7,7G,30,0.19925
AB,HOK,SEK ,HOK,H,2,3,7,7H,30,0.73425
P,HOK,HOK ,HOK,H,2,3,7,8A,30,0.23525
AB,HOK,HOK ,HOK,H,2,3,7,8B,30,0.70725
P,SEK,HOK ,HOK,A,2,3,7,8C,30,0.39525
AB,SEK,HOK ,HOK,A,2,3,7,8D,30,0.60825
P,SEK,SEK ,HOK,A,2,3,7,8E,30,0.27825
AB,SEK,SEK ,HOK,A,2,3,7,8F,30,0.58325
P,HOK,SEK ,HOK,H,2,3,7,8G,30,1.81425
AB,HOK,SEK ,HOK,H,2,3,7,8H,30,0.30125
P,HOK,HOK ,HOK,H,2,3,7,9A,30,0.35525
AB,HOK,HOK ,HOK,H,2,3,7,9B,30,0.36125
P,SEK,HOK ,HOK,A,2,3,7,9C,30,1.22225
AB,SEK,HOK ,HOK,A,2,3,7,9D,30,0.35925
P,SEK,SEK ,HOK,A,2,3,7,9E,30,0.44725
AB,SEK,SEK ,HOK,A,2,3,7,9F,30,0.39525
P,HOK,SEK ,HOK,H,2,3,7,9G,30,1.50225
AB,HOK,SEK ,HOK,H,2,3,7,9H,30,0.74625
P,HOK,HOK ,HOK,H,2,2,7,10A,30,0.38825
AB,HOK,HOK ,HOK,H,2,2,7,10B,30,0.77925
P,SEK,HOK ,HOK,A,2,2,7,10C,30,0.41925
AB,SEK,HOK ,HOK,A,2,2,7,10D,30,0.55625
P,SEK,SEK ,HOK,A,2,2,7,10E,30,0.34725
AB,SEK,SEK ,HOK,A,2,2,7,10F,30,0.39025
P,HOK,SEK ,HOK,H,2,2,7,10G,30,0.34925
AB,HOK,SEK ,HOK,H,2,2,7,10H,30,0.40925
P,HOK,HOK ,SEK,A,1,5,7,1A,30,0.34225
AB,HOK,HOK ,SEK,A,1,5,7,1B,30,1.29925
P,SEK,HOK ,SEK,H,1,5,7,1C,30,1.35325
AB,SEK,HOK ,SEK,H,1,5,7,1D,30,0.46725
P,SEK,SEK ,SEK,H,1,5,7,1E,30,0.26625
AB,SEK,SEK ,SEK,H,1,5,7,1F,30,0.22825
P,HOK,SEK ,SEK,A,1,5,7,1G,30,0.29125
AB,HOK,SEK ,SEK,A,1,5,7,1H,30,0.26525
P,HOK,HOK ,SEK,A,1,5,7,2A,30,0.35625
AB,HOK,HOK ,SEK,A,1,1,7,2B,30,0.52325
P,SEK,HOK ,SEK,H,1,1,7,2C,30,0.42125
AB,SEK,HOK ,SEK,H,1,1,7,2D,30,0.33525
P,SEK,SEK ,SEK,H,1,1,7,2E,30,1.37325
AB,SEK,SEK ,SEK,H,1,1,7,2F,30,0.46625
P,HOK,SEK ,SEK,A,1,1,7,2G,30,0.70725
AB,HOK,SEK ,SEK,A,1,1,7,2H,30,0.49725
P,HOK,HOK ,SEK,A,1,1,7,3A,30,0.54525
AB,HOK,HOK ,SEK,A,1,1,7,3B,30,0.07825
P,SEK,HOK ,SEK,H,1,1,7,3C,30,0.30525
AB,SEK,HOK ,SEK,H,1,1,7,3D,30,0.54025
P,SEK,SEK ,SEK,H,1,1,7,3E,30,0.31925
AB,SEK,SEK ,SEK,H,1,1,7,3F,30,0.41225
P,HOK,SEK ,SEK,A,1,1,7,3G,30,0.20825
AB,HOK,SEK ,SEK,A,1,1,7,3H,30,0.32125
P,HOK,HOK ,SEK,A,1,1,7,4A,30,1.24125
AB,HOK,HOK ,SEK,A,1,1,7,4B,30,0.99325
P,SEK,HOK ,SEK,H,1,1,7,4C,30,0.26925
AB,SEK,HOK ,SEK,H,1,1,7,4D,30,0.26725
P,SEK,SEK ,SEK,H,1,1,7,4E,30,0.27725
AB,SEK,SEK ,SEK,H,1,1,7,4F,30,0.62125
P,HOK,SEK ,SEK,A,1,1,7,4G,30,0.88425
AB,HOK,SEK ,SEK,A,1,1,7,4H,30,0.37725
P,HOK,HOK ,SEK,A,1,1,7,5A,30,0.57025
AB,HOK,HOK ,SEK,A,1,1,7,5B,30,0.36125
P,SEK,HOK ,SEK,H,1,1,7,5C,30,1.12825
AB,SEK,HOK ,SEK,H,1,1,7,5D,30,0.94325
P,SEK,SEK ,SEK,H,1,1,7,5E,30,0.30725
AB,SEK,SEK ,SEK,H,1,1,7,5F,30,0.32625
P,HOK,SEK ,SEK,A,1,1,7,5G,30,0.40225
AB,HOK,SEK ,SEK,A,1,1,7,5H,30,0.33625
P,HOK,HOK ,HOK,H,1,5,7,6A,30,0.34925
AB,HOK,HOK ,HOK,H,1,5,7,6B,30,0.89625
P,SEK,HOK ,HOK,A,1,5,7,6C,30,1.46725
AB,SEK,HOK ,HOK,A,1,5,7,6D,30,0.61225
P,SEK,SEK ,HOK,A,1,5,7,6E,30,1.61025
AB,SEK,SEK ,HOK,A,1,5,7,6F,30,1.28625
P,HOK,SEK ,HOK,H,1,5,7,6G,30,0.85325
AB,HOK,SEK ,HOK,H,1,5,7,6H,30,0.73225
P,HOK,HOK ,HOK,H,1,5,7,7A,30,0.49325
AB,HOK,HOK ,HOK,H,1,5,7,7B,30,0.21425
P,SEK,HOK ,HOK,A,1,5,7,7C,30,0.17825
AB,SEK,HOK ,HOK,A,1,5,7,7D,30,0.21425
P,SEK,SEK ,HOK,A,1,5,7,7E,30,0.20725
AB,SEK,SEK ,HOK,A,1,5,7,7F,30,0.24525
P,HOK,SEK ,HOK,H,1,5,7,7G,30,0.33125
AB,HOK,SEK ,HOK,H,1,5,7,7H,30,0.93525
P,HOK,HOK ,HOK,H,1,5,7,8A,30,0.34425
AB,HOK,HOK ,HOK,H,1,5,7,8B,30,0.27725
P,SEK,HOK ,HOK,A,1,5,7,8C,30,0.24325
AB,SEK,HOK ,HOK,A,1,5,7,8D,30,1.42425
P,SEK,SEK ,HOK,A,1,5,7,8E,30,1.32125
AB,SEK,SEK ,HOK,A,1,5,7,8F,30,0.40325
P,HOK,SEK ,HOK,H,1,5,7,8G,30,0.30225
AB,HOK,SEK ,HOK,H,1,5,7,8H,30,0.37725
P,HOK,HOK ,HOK,H,1,4,7,9A,30,0.27625
AB,HOK,HOK ,HOK,H,1,4,7,9B,30,0.37725
P,SEK,HOK ,HOK,A,1,4,7,9C,30,0.79325
AB,SEK,HOK ,HOK,A,1,4,7,9D,30,0.51525
P,SEK,SEK ,HOK,A,1,4,7,9E,30,0.42125
AB,SEK,SEK ,HOK,A,1,4,7,9FR,30,0.96325
P,HOK,SEK ,HOK,H,1,4,7,9G,30,1.54925
AB,HOK,SEK ,HOK,H,1,4,7,9H,30,0.30725
P,HOK,HOK ,HOK,H,1,4,7,10A,30,0.71425
AB,HOK,HOK ,HOK,H,1,4,7,10B,30,0.56125
P,SEK,HOK ,HOK,A,1,4,7,10C,30,1.27725
AB,SEK,HOK ,HOK,A,1,4,7,10D,30,0.31525
P,SEK,SEK ,HOK,A,1,4,7,10E,30,0.38025
AB,SEK,SEK ,HOK,A,1,4,7,10F,30,0.95725
P,HOK,SEK ,HOK,H,1,4,7,10G,30,0.37625
AB,HOK,SEK ,HOK,H,1,4,7,10H,30,0.33925
P,HOK,HOK ,SEK,A,2,5,7,1A,120,0.54525
AB,HOK,HOK ,SEK,A,2,5,7,1B,120,0.96425
P,SEK,HOK ,SEK,H,2,5,7,1C,120,1.50725
AB,SEK,HOK ,SEK,H,2,5,7,1D,120,1.18225
P,SEK,SEK ,SEK,H,2,5,7,1E,120,0.47025
AB,SEK,SEK ,SEK,H,2,5,7,1F,120,0.35025
P,HOK,SEK ,SEK,A,2,5,7,1G,120,1.33225
AB,HOK,SEK ,SEK,A,2,5,7,1H,120,0.92025
P,HOK,HOK ,SEK,A,2,5,7,2A,120,0.28725
AB,HOK,HOK ,SEK,A,2,5,7,2B,120,0.63625
P,SEK,HOK ,SEK,H,2,5,7,2C,120,0.17125
AB,SEK,HOK ,SEK,H,2,5,7,2D,120,0.67025
P,SEK,SEK ,SEK,H,2,5,7,2E,120,0.33425
AB,SEK,SEK ,SEK,H,2,5,7,2F,120,0.32925
P,HOK,SEK ,SEK,A,2,5,7,2G,120,0.22125
AB,HOK,SEK ,SEK,A,2,5,7,2H,120,1.89825
P,HOK,HOK ,SEK,A,2,5,7,3A,120,1.01425
AB,HOK,HOK ,SEK,A,2,5,7,3B,120,1.26625
P,SEK,HOK ,SEK,H,2,5,7,3C,120,1.11425
AB,SEK,HOK ,SEK,H,2,5,7,3D,120,0.21125
P,SEK,SEK ,SEK,H,2,5,7,3E,120,1.27425
AB,SEK,SEK ,SEK,H,2,5,7,3F,120,0.19825
P,HOK,SEK ,SEK,A,2,5,7,3G,120,0.20525
AB,HOK,SEK ,SEK,A,2,5,7,3H,120,0.22925
P,HOK,HOK ,SEK,A,2,4,7,4A,120,0.27825
AB,HOK,HOK ,SEK,A,2,4,7,4B,120,1.04525
P,SEK,HOK ,SEK,H,2,4,7,4C,120,1.67325
AB,SEK,HOK ,SEK,H,2,4,7,4D,120,1.65425
P,SEK,SEK ,SEK,H,2,4,7,4E,120,1.14425
AB,SEK,SEK ,SEK,H,2,4,7,4F,120,0.34325
P,HOK,SEK ,SEK,A,2,4,7,4G,120,0.23625
AB,HOK,SEK ,SEK,A,2,4,7,4H,120,0.95425
P,HOK,HOK ,SEK,A,2,4,7,5A,120,0.76125
AB,HOK,HOK ,SEK,A,2,4,7,5B,120,0.34325
P,SEK,HOK ,SEK,H,2,4,7,5C,120,0.52225
AB,SEK,HOK ,SEK,H,2,4,7,5D,120,0.70025
P,SEK,SEK ,SEK,H,2,4,7,5E,120,0.50425
AB,SEK,SEK ,SEK,H,2,4,7,5F,120,0.36425
P,HOK,SEK ,SEK,A,2,4,7,5G,120,0.31625
AB,HOK,SEK ,SEK,A,2,4,7,5H,120,0.49825
P,HOK,HOK ,HOK,H,2,4,7,6A,120,1.02025
AB,HOK,HOK ,HOK,H,2,4,7,6B,120,0.33825
P,SEK,HOK ,HOK,A,2,4,7,6C,120,0.35125
AB,SEK,HOK ,HOK,A,2,4,7,6D,120,0.73725
P,SEK,SEK ,HOK,A,2,4,7,6E,120,0.43425
AB,SEK,SEK ,HOK,A,2,4,7,6F,120,0.80325
P,HOK,SEK ,HOK,H,2,4,7,6G,120,1.12625
AB,HOK,SEK ,HOK,H,2,4,7,6H,120,0.42325
P,HOK,HOK ,HOK,H,2,3,7,7A,120,0.16325
AB,HOK,HOK ,HOK,H,2,3,7,7B,120,0.11425
P,SEK,HOK ,HOK,A,2,3,7,7C,120,0.13625
AB,SEK,HOK ,HOK,A,2,3,7,7D,120,0.39625
P,SEK,SEK ,HOK,A,2,3,7,7E,120,0.14825
AB,SEK,SEK ,HOK,A,2,3,7,7F,120,0.24425
P,HOK,SEK ,HOK,H,2,3,7,7G,120,0.12425
AB,HOK,SEK ,HOK,H,2,3,7,7H,120,0.42725
P,HOK,HOK ,HOK,H,2,3,7,8A,120,0.21225
AB,HOK,HOK ,HOK,H,2,3,7,8B,120,0.56825
P,SEK,HOK ,HOK,A,2,3,7,8C,120,0.21425
AB,SEK,HOK ,HOK,A,2,3,7,8D,120,0.63625
P,SEK,SEK ,HOK,A,2,3,7,8E,120,0.19925
AB,SEK,SEK ,HOK,A,2,3,7,8F,120,0.50125
P,HOK,SEK ,HOK,H,2,3,7,8G,120,1.82825
AB,HOK,SEK ,HOK,H,2,3,7,8H,120,0.31825
P,HOK,HOK ,HOK,H,2,3,7,9A,120,0.30725
AB,HOK,HOK ,HOK,H,2,3,7,9B,120,0.28425
P,SEK,HOK ,HOK,A,2,3,7,9C,120,0.90525
AB,SEK,HOK ,HOK,A,2,3,7,9D,120,0.26425
P,SEK,SEK ,HOK,A,2,3,7,9E,120,0.35825
AB,SEK,SEK ,HOK,A,2,3,7,9F,120,0.32225
P,HOK,SEK ,HOK,H,2,3,7,9G,120,0.38125
AB,HOK,SEK ,HOK,H,2,3,7,9H,120,0.62625
P,HOK,HOK ,HOK,H,2,2,7,10A,120,0.34625
AB,HOK,HOK ,HOK,H,2,2,7,10B,120,0.85625
P,SEK,HOK ,HOK,A,2,2,7,10C,120,0.35625
AB,SEK,HOK ,HOK,A,2,2,7,10D,120,0.50825
P,SEK,SEK ,HOK,A,2,2,7,10E,120,0.30725
AB,SEK,SEK ,HOK,A,2,2,7,10F,120,0.46425
P,HOK,SEK ,HOK,H,2,2,7,10G,120,0.30225
AB,HOK,SEK ,HOK,H,2,2,7,10H,120,0.31025
P,HOK,HOK ,SEK,A,1,5,7,1A,120,0.47475
AB,HOK,HOK ,SEK,A,1,5,7,1B,120,1.20875
P,SEK,HOK ,SEK,H,1,5,7,1C,120,0.72175
AB,SEK,HOK ,SEK,H,1,5,7,1D,120,0.31375
P,SEK,SEK ,SEK,H,1,5,7,1E,120,0.25775
AB,SEK,SEK ,SEK,H,1,5,7,1F,120,0.26975
P,HOK,SEK ,SEK,A,1,5,7,1G,120,0.32275
AB,HOK,SEK ,SEK,A,1,5,7,1H,120,0.27675
P,HOK,HOK ,SEK,A,1,5,7,2A,120,0.35175
AB,HOK,HOK ,SEK,A,1,1,7,2B,120,0.80775
P,SEK,HOK ,SEK,H,1,1,7,2C,120,0.41975
AB,SEK,HOK ,SEK,H,1,1,7,2D,120,0.32775
P,SEK,SEK ,SEK,H,1,1,7,2E,120,0.64275
AB,SEK,SEK ,SEK,H,1,1,7,2F,120,0.54575
P,HOK,SEK ,SEK,A,1,1,7,2G,120,0.86875
AB,HOK,SEK ,SEK,A,1,1,7,2H,120,0.53575
P,HOK,HOK ,SEK,A,1,1,7,3A,120,0.58075
AB,HOK,HOK ,SEK,A,1,1,7,3B,120,0.08075
P,SEK,HOK ,SEK,H,1,1,7,3C,120,1.20575
AB,SEK,HOK ,SEK,H,1,1,7,3D,120,0.30775
P,SEK,SEK ,SEK,H,1,1,7,3E,120,0.39975
AB,SEK,SEK ,SEK,H,1,1,7,3F,120,0.37275
P,HOK,SEK ,SEK,A,1,1,7,3G,120,0.20575
AB,HOK,SEK ,SEK,A,1,1,7,3H,120,0.27075
P,HOK,HOK ,SEK,A,1,1,7,4A,120,1.01875
AB,HOK,HOK ,SEK,A,1,1,7,4B,120,1.12875
P,SEK,HOK ,SEK,H,1,1,7,4C,120,0.27675
AB,SEK,HOK ,SEK,H,1,1,7,4D,120,0.27075
P,SEK,SEK ,SEK,H,1,1,7,4E,120,0.25875
AB,SEK,SEK ,SEK,H,1,1,7,4F,120,0.46775
P,HOK,SEK ,SEK,A,1,1,7,4G,120,0.56675
AB,HOK,SEK ,SEK,A,1,1,7,4H,120,0.41675
P,HOK,HOK ,SEK,A,1,1,7,5A,120,0.85075
AB,HOK,HOK ,SEK,A,1,1,7,5B,120,0.32675
P,SEK,HOK ,SEK,H,1,1,7,5C,120,1.06075
AB,SEK,HOK ,SEK,H,1,1,7,5D,120,1.48975
P,SEK,SEK ,SEK,H,1,1,7,5E,120,0.32475
AB,SEK,SEK ,SEK,H,1,1,7,5F,120,0.39475
P,HOK,SEK ,SEK,A,1,1,7,5G,120,0.40075
AB,HOK,SEK ,SEK,A,1,1,7,5H,120,0.33675
P,HOK,HOK ,HOK,H,1,5,7,6A,120,0.37275
AB,HOK,HOK ,HOK,H,1,5,7,6B,120,1.02375
P,SEK,HOK ,HOK,A,1,5,7,6C,120,1.54175
AB,SEK,HOK ,HOK,A,1,5,7,6D,120,0.80875
P,SEK,SEK ,HOK,A,1,5,7,6E,120,1.69575
AB,SEK,SEK ,HOK,A,1,5,7,6F,120,1.40375
P,HOK,SEK ,HOK,H,1,5,7,6G,120,1.52175
AB,HOK,SEK ,HOK,H,1,5,7,6H,120,0.77575
P,HOK,HOK ,HOK,H,1,5,7,7A,120,0.82175
AB,HOK,HOK ,HOK,H,1,5,7,7B,120,0.20375
P,SEK,HOK ,HOK,A,1,5,7,7C,120,0.13975
AB,SEK,HOK ,HOK,A,1,5,7,7D,120,0.16675
P,SEK,SEK ,HOK,A,1,5,7,7E,120,0.16475
AB,SEK,SEK ,HOK,A,1,5,7,7F,120,0.24475
P,HOK,SEK ,HOK,H,1,5,7,7G,120,0.34775
AB,HOK,SEK ,HOK,H,1,5,7,7H,120,1.43575
P,HOK,HOK ,HOK,H,1,5,7,8A,120,0.34975
AB,HOK,HOK ,HOK,H,1,5,7,8B,120,0.37375
P,SEK,HOK ,HOK,A,1,5,7,8C,120,0.22375
AB,SEK,HOK ,HOK,A,1,5,7,8D,120,0.85175
P,SEK,SEK ,HOK,A,1,5,7,8E,120,1.43975
AB,SEK,SEK ,HOK,A,1,5,7,8F,120,0.45875
P,HOK,SEK ,HOK,H,1,5,7,8G,120,0.32075
AB,HOK,SEK ,HOK,H,1,5,7,8H,120,0.38675
P,HOK,HOK ,HOK,H,1,4,7,9A,120,0.24075
AB,HOK,HOK ,HOK,H,1,4,7,9B,120,0.40575
P,SEK,HOK ,HOK,A,1,4,7,9C,120,1.05075
AB,SEK,HOK ,HOK,A,1,4,7,9D,120,0.23075
P,SEK,SEK ,HOK,A,1,4,7,9E,120,0.47275
AB,SEK,SEK ,HOK,A,1,4,7,9FR,120,0.91175
P,HOK,SEK ,HOK,H,1,4,7,9G,120,1.30075
AB,HOK,SEK ,HOK,H,1,4,7,9H,120,0.40575
P,HOK,HOK ,HOK,H,1,4,7,10A,120,0.76775
AB,HOK,HOK ,HOK,H,1,4,7,10B,120,0.61775
P,SEK,HOK ,HOK,A,1,4,7,10C,120,1.00775
AB,SEK,HOK ,HOK,A,1,4,7,10D,120,0.33375
P,SEK,SEK ,HOK,A,1,4,7,10E,120,0.52275
AB,SEK,SEK ,HOK,A,1,4,7,10F,120,0.60075
P,HOK,SEK ,HOK,H,1,4,7,10G,120,0.38075
AB,HOK,SEK ,HOK,H,1,4,7,10H,120,0.34275
P,HOK,HOK ,SEK,A,2,5,7,1A,960,0.5995
AB,HOK,HOK ,SEK,A,2,5,7,1B,960,1.6525
P,SEK,HOK ,SEK,H,2,5,7,1C,960,1.3155
AB,SEK,HOK ,SEK,H,2,5,7,1D,960,1.0665
P,SEK,SEK ,SEK,H,2,5,7,1E,960,0.5945
AB,SEK,SEK ,SEK,H,2,5,7,1F,960,0.4305
P,HOK,SEK ,SEK,A,2,5,7,1G,960,1.3605
AB,HOK,SEK ,SEK,A,2,5,7,1H,960,0.5485
P,HOK,HOK ,SEK,A,2,5,7,2A,960,0.3255
AB,HOK,HOK ,SEK,A,2,5,7,2B,960,0.8445
P,SEK,HOK ,SEK,H,2,5,7,2C,960,0.1935
AB,SEK,HOK ,SEK,H,2,5,7,2D,960,0.6295
P,SEK,SEK ,SEK,H,2,5,7,2E,960,0.3685
AB,SEK,SEK ,SEK,H,2,5,7,2F,960,0.4875
P,HOK,SEK ,SEK,A,2,5,7,2G,960,0.2545
AB,HOK,SEK ,SEK,A,2,5,7,2H,960,1.7485
P,HOK,HOK ,SEK,A,2,5,7,3A,960,1.1415
AB,HOK,HOK ,SEK,A,2,5,7,3B,960,1.5565
P,SEK,HOK ,SEK,H,2,5,7,3C,960,1.1115
AB,SEK,HOK ,SEK,H,2,5,7,3D,960,0.2465
P,SEK,SEK ,SEK,H,2,5,7,3E,960,1.8795
AB,SEK,SEK ,SEK,H,2,5,7,3F,960,0.2365
P,HOK,SEK ,SEK,A,2,5,7,3G,960,0.2475
AB,HOK,SEK ,SEK,A,2,5,7,3H,960,0.3255
P,HOK,HOK ,SEK,A,2,4,7,4A,960,0.3715
AB,HOK,HOK ,SEK,A,2,4,7,4B,960,1.3255
P,SEK,HOK ,SEK,H,2,4,7,4C,960,1.2825
AB,SEK,HOK ,SEK,H,2,4,7,4D,960,1.3985
P,SEK,SEK ,SEK,H,2,4,7,4E,960,0.7835
AB,SEK,SEK ,SEK,H,2,4,7,4F,960,0.3305
P,HOK,SEK ,SEK,A,2,4,7,4G,960,0.3785
AB,HOK,SEK ,SEK,A,2,4,7,4H,960,0.8465
P,HOK,HOK ,SEK,A,2,4,7,5A,960,1.3195
AB,HOK,HOK ,SEK,A,2,4,7,5B,960,0.5025
P,SEK,HOK ,SEK,H,2,4,7,5C,960,0.5865
AB,SEK,HOK ,SEK,H,2,4,7,5D,960,1.0165
P,SEK,SEK ,SEK,H,2,4,7,5E,960,0.6535
AB,SEK,SEK ,SEK,H,2,4,7,5F,960,0.4995
P,HOK,SEK ,SEK,A,2,4,7,5G,960,0.4825
AB,HOK,SEK ,SEK,A,2,4,7,5H,960,0.6115
P,HOK,HOK ,HOK,H,2,4,7,6A,960,1.3595
AB,HOK,HOK ,HOK,H,2,4,7,6B,960,0.3495
P,SEK,HOK ,HOK,A,2,4,7,6C,960,0.4305
AB,SEK,HOK ,HOK,A,2,4,7,6D,960,0.7175
P,SEK,SEK ,HOK,A,2,4,7,6E,960,0.6075
AB,SEK,SEK ,HOK,A,2,4,7,6F,960,1.0955
P,HOK,SEK ,HOK,H,2,4,7,6G,960,1.3315
AB,HOK,SEK ,HOK,H,2,4,7,6H,960,0.5645
P,HOK,HOK ,HOK,H,2,3,7,7A,960,0.2315
AB,HOK,HOK ,HOK,H,2,3,7,7B,960,0.1575
P,SEK,HOK ,HOK,A,2,3,7,7C,960,0.1685
AB,SEK,HOK ,HOK,A,2,3,7,7D,960,0.4055
P,SEK,SEK ,HOK,A,2,3,7,7E,960,0.1975
AB,SEK,SEK ,HOK,A,2,3,7,7F,960,0.2465
P,HOK,SEK ,HOK,H,2,3,7,7G,960,0.1635
AB,HOK,SEK ,HOK,H,2,3,7,7H,960,0.5405
P,HOK,HOK ,HOK,H,2,3,7,8A,960,0.2835
AB,HOK,HOK ,HOK,H,2,3,7,8B,960,1.1465
P,SEK,HOK ,HOK,A,2,3,7,8C,960,0.3005
AB,SEK,HOK ,HOK,A,2,3,7,8D,960,0.3455
P,SEK,SEK ,HOK,A,2,3,7,8E,960,0.2765
AB,SEK,SEK ,HOK,A,2,3,7,8F,960,0.5205
P,HOK,SEK ,HOK,H,2,3,7,8G,960,1.7185
AB,HOK,SEK ,HOK,H,2,3,7,8H,960,0.4125
P,HOK,HOK ,HOK,H,2,3,7,9A,960,0.4715
AB,HOK,HOK ,HOK,H,2,3,7,9B,960,0.4225
P,SEK,HOK ,HOK,A,2,3,7,9C,960,1.0005
AB,SEK,HOK ,HOK,A,2,3,7,9D,960,0.4045
P,SEK,SEK ,HOK,A,2,3,7,9E,960,0.6225
AB,SEK,SEK ,HOK,A,2,3,7,9F,960,0.4755
P,HOK,SEK ,HOK,H,2,3,7,9G,960,0.5045
AB,HOK,SEK ,HOK,H,2,3,7,9H,960,0.8795
P,HOK,HOK ,HOK,H,2,2,7,10A,960,0.4505
AB,HOK,HOK ,HOK,H,2,2,7,10B,960,0.9405
P,SEK,HOK ,HOK,A,2,2,7,10C,960,0.4235
AB,SEK,HOK ,HOK,A,2,2,7,10D,960,0.5705
P,SEK,SEK ,HOK,A,2,2,7,10E,960,0.3525
AB,SEK,SEK ,HOK,A,2,2,7,10F,960,0.5005
P,HOK,SEK ,HOK,H,2,2,7,10G,960,0.3395
AB,HOK,SEK ,HOK,H,2,2,7,10H,960,0.5235
P,HOK,HOK ,SEK,A,1,5,7,1A,960,0.77275
AB,HOK,HOK ,SEK,A,1,5,7,1B,960,1.36575
P,SEK,HOK ,SEK,H,1,5,7,1C,960,0.55675
AB,SEK,HOK ,SEK,H,1,5,7,1D,960,0.32475
P,SEK,SEK ,SEK,H,1,5,7,1E,960,0.29475
AB,SEK,SEK ,SEK,H,1,5,7,1F,960,0.31275
P,HOK,SEK ,SEK,A,1,5,7,1G,960,0.42775
AB,HOK,SEK ,SEK,A,1,5,7,1H,960,0.31675
P,HOK,HOK ,SEK,A,1,5,7,2A,960,0.38675
AB,HOK,HOK ,SEK,A,1,1,7,2B,960,0.75275
P,SEK,HOK ,SEK,H,1,1,7,2C,960,0.52575
AB,SEK,HOK ,SEK,H,1,1,7,2D,960,0.34975
P,SEK,SEK ,SEK,H,1,1,7,2E,960,1.26775
AB,SEK,SEK ,SEK,H,1,1,7,2F,960,0.65575
P,HOK,SEK ,SEK,A,1,1,7,2G,960,1.20275
AB,HOK,SEK ,SEK,A,1,1,7,2H,960,0.58175
P,HOK,HOK ,SEK,A,1,1,7,3A,960,0.77775
AB,HOK,HOK ,SEK,A,1,1,7,3B,960,0.10475
P,SEK,HOK ,SEK,H,1,1,7,3C,960,1.15775
AB,SEK,HOK ,SEK,H,1,1,7,3D,960,0.33975
P,SEK,SEK ,SEK,H,1,1,7,3E,960,0.38975
AB,SEK,SEK ,SEK,H,1,1,7,3F,960,0.39575
P,HOK,SEK ,SEK,A,1,1,7,3G,960,0.30375
AB,HOK,SEK ,SEK,A,1,1,7,3H,960,0.22475
P,HOK,HOK ,SEK,A,1,1,7,4A,960,0.96575
AB,HOK,HOK ,SEK,A,1,1,7,4B,960,0.91675
P,SEK,HOK ,SEK,H,1,1,7,4C,960,0.33175
AB,SEK,HOK ,SEK,H,1,1,7,4D,960,0.29975
P,SEK,SEK ,SEK,H,1,1,7,4E,960,0.27975
AB,SEK,SEK ,SEK,H,1,1,7,4F,960,0.48775
P,HOK,SEK ,SEK,A,1,1,7,4G,960,0.67875
AB,HOK,SEK ,SEK,A,1,1,7,4H,960,0.43075
P,HOK,HOK ,SEK,A,1,1,7,5A,960,1.17875
AB,HOK,HOK ,SEK,A,1,1,7,5B,960,0.34575
P,SEK,HOK ,SEK,H,1,1,7,5C,960,0.94975
AB,SEK,HOK ,SEK,H,1,1,7,5D,960,1.29375
P,SEK,SEK ,SEK,H,1,1,7,5E,960,0.37375
AB,SEK,SEK ,SEK,H,1,1,7,5F,960,0.44575
P,HOK,SEK ,SEK,A,1,1,7,5G,960,0.44775
AB,HOK,SEK ,SEK,A,1,1,7,5H,960,0.32975
P,HOK,HOK ,HOK,H,1,5,7,6A,960,0.45475
AB,HOK,HOK ,HOK,H,1,5,7,6B,960,1.34975
P,SEK,HOK ,HOK,A,1,5,7,6C,960,1.27075
AB,SEK,HOK ,HOK,A,1,5,7,6D,960,0.82575
P,SEK,SEK ,HOK,A,1,5,7,6E,960,1.28775
AB,SEK,SEK ,HOK,A,1,5,7,6F,960,1.14275
P,HOK,SEK ,HOK,H,1,5,7,6G,960,1.51675
AB,HOK,SEK ,HOK,H,1,5,7,6H,960,0.66075
P,HOK,HOK ,HOK,H,1,5,7,7A,960,1.25475
AB,HOK,HOK ,HOK,H,1,5,7,7B,960,0.23475
P,SEK,HOK ,HOK,A,1,5,7,7C,960,0.12975
AB,SEK,HOK ,HOK,A,1,5,7,7D,960,0.16875
P,SEK,SEK ,HOK,A,1,5,7,7E,960,0.17975
AB,SEK,SEK ,HOK,A,1,5,7,7F,960,0.24975
P,HOK,SEK ,HOK,H,1,5,7,7G,960,0.39075
AB,HOK,SEK ,HOK,H,1,5,7,7H,960,1.43475
P,HOK,HOK ,HOK,H,1,5,7,8A,960,0.43175
AB,HOK,HOK ,HOK,H,1,5,7,8B,960,0.43575
P,SEK,HOK ,HOK,A,1,5,7,8C,960,0.21375
AB,SEK,HOK ,HOK,A,1,5,7,8D,960,0.69975
P,SEK,SEK ,HOK,A,1,5,7,8E,960,1.04775
AB,SEK,SEK ,HOK,A,1,5,7,8F,960,0.50675
P,HOK,SEK ,HOK,H,1,5,7,8G,960,0.38275
AB,HOK,SEK ,HOK,H,1,5,7,8H,960,0.47175
P,HOK,HOK ,HOK,H,1,4,7,9A,960,0.29675
AB,HOK,HOK ,HOK,H,1,4,7,9B,960,0.44175
P,SEK,HOK ,HOK,A,1,4,7,9C,960,1.42875
AB,SEK,HOK ,HOK,A,1,4,7,9D,960,0.28075
P,SEK,SEK ,HOK,A,1,4,7,9E,960,0.50975
AB,SEK,SEK ,HOK,A,1,4,7,9FR,960,0.55475
P,HOK,SEK ,HOK,H,1,4,7,9G,960,1.80675
AB,HOK,SEK ,HOK,H,1,4,7,9H,960,0.45275
P,HOK,HOK ,HOK,H,1,4,7,10A,960,0.69775
AB,HOK,HOK ,HOK,H,1,4,7,10B,960,0.79175
P,SEK,HOK ,HOK,A,1,4,7,10C,960,1.25675
AB,SEK,HOK ,HOK,A,1,4,7,10D,960,0.42375
P,SEK,SEK ,HOK,A,1,4,7,10E,960,0.51375
AB,SEK,SEK ,HOK,A,1,4,7,10F,960,0.69475
P,HOK,SEK ,HOK,H,1,4,7,10G,960,0.46975
AB,HOK,SEK ,HOK,H,1,4,7,10H,960,0.41275
P,HOK,HOK ,SEK,A,2,5,7,1A,1440,0.598
AB,HOK,HOK ,SEK,A,2,5,7,1B,1440,1.793
P,SEK,HOK ,SEK,H,2,5,7,1C,1440,1.413
AB,SEK,HOK ,SEK,H,2,5,7,1D,1440,1.101
P,SEK,SEK ,SEK,H,2,5,7,1E,1440,0.627
AB,SEK,SEK ,SEK,H,2,5,7,1F,1440,0.443
P,HOK,SEK ,SEK,A,2,5,7,1G,1440,1.479
AB,HOK,SEK ,SEK,A,2,5,7,1H,1440,0.543
P,HOK,HOK ,SEK,A,2,5,7,2A,1440,0.335
AB,HOK,HOK ,SEK,A,2,5,7,2B,1440,0.985
P,SEK,HOK ,SEK,H,2,5,7,2C,1440,0.196
AB,SEK,HOK ,SEK,H,2,5,7,2D,1440,0.628
P,SEK,SEK ,SEK,H,2,5,7,2E,1440,0.399
AB,SEK,SEK ,SEK,H,2,5,7,2F,1440,0.473
P,HOK,SEK ,SEK,A,2,5,7,2G,1440,0.263
AB,HOK,SEK ,SEK,A,2,5,7,2H,1440,1.793
P,HOK,HOK ,SEK,A,2,5,7,3A,1440,1.092
AB,HOK,HOK ,SEK,A,2,5,7,3B,1440,1.535
P,SEK,HOK ,SEK,H,2,5,7,3C,1440,1.051
AB,SEK,HOK ,SEK,H,2,5,7,3D,1440,0.249
P,SEK,SEK ,SEK,H,2,5,7,3E,1440,1.798
AB,SEK,SEK ,SEK,H,2,5,7,3F,1440,0.246
P,HOK,SEK ,SEK,A,2,5,7,3G,1440,0.244
AB,HOK,SEK ,SEK,A,2,5,7,3H,1440,0.334
P,HOK,HOK ,SEK,A,2,4,7,4A,1440,0.379
AB,HOK,HOK ,SEK,A,2,4,7,4B,1440,1.544
P,SEK,HOK ,SEK,H,2,4,7,4C,1440,0.398
AB,SEK,HOK ,SEK,H,2,4,7,4D,1440,1.603
P,SEK,SEK ,SEK,H,2,4,7,4E,1440,1.311
AB,SEK,SEK ,SEK,H,2,4,7,4F,1440,0.347
P,HOK,SEK ,SEK,A,2,4,7,4G,1440,0.379
AB,HOK,SEK ,SEK,A,2,4,7,4H,1440,1.154
P,HOK,HOK ,SEK,A,2,4,7,5A,1440,1.42
AB,HOK,HOK ,SEK,A,2,4,7,5B,1440,0.514
P,SEK,HOK ,SEK,H,2,4,7,5C,1440,0.639
AB,SEK,HOK ,SEK,H,2,4,7,5D,1440,1.031
P,SEK,SEK ,SEK,H,2,4,7,5E,1440,0.593
AB,SEK,SEK ,SEK,H,2,4,7,5F,1440,0.509
P,HOK,SEK ,SEK,A,2,4,7,5G,1440,0.49
AB,HOK,SEK ,SEK,A,2,4,7,5H,1440,0.583
P,HOK,HOK ,HOK,H,2,4,7,6A,1440,1.311
AB,HOK,HOK ,HOK,H,2,4,7,6B,1440,0.373
P,SEK,HOK ,HOK,A,2,4,7,6C,1440,0.432
AB,SEK,HOK ,HOK,A,2,4,7,6D,1440,0.689
P,SEK,SEK ,HOK,A,2,4,7,6E,1440,0.594
AB,SEK,SEK ,HOK,A,2,4,7,6F,1440,1.163
P,HOK,SEK ,HOK,H,2,4,7,6G,1440,1.249
AB,HOK,SEK ,HOK,H,2,4,7,6H,1440,0.556
P,HOK,HOK ,HOK,H,2,3,7,7A,1440,0.241
AB,HOK,HOK ,HOK,H,2,3,7,7B,1440,0.161
P,SEK,HOK ,HOK,A,2,3,7,7C,1440,0.154
AB,SEK,HOK ,HOK,A,2,3,7,7D,1440,0.447
P,SEK,SEK ,HOK,A,2,3,7,7E,1440,0.206
AB,SEK,SEK ,HOK,A,2,3,7,7F,1440,0.263
P,HOK,SEK ,HOK,H,2,3,7,7G,1440,0.175
AB,HOK,SEK ,HOK,H,2,3,7,7H,1440,0.441
P,HOK,HOK ,HOK,H,2,3,7,8A,1440,0.297
AB,HOK,HOK ,HOK,H,2,3,7,8B,1440,0.918
P,SEK,HOK ,HOK,A,2,3,7,8C,1440,0.295
AB,SEK,HOK ,HOK,A,2,3,7,8D,1440,0.442
P,SEK,SEK ,HOK,A,2,3,7,8E,1440,0.317
AB,SEK,SEK ,HOK,A,2,3,7,8F,1440,0.533
P,HOK,SEK ,HOK,H,2,3,7,8G,1440,1.798
AB,HOK,SEK ,HOK,H,2,3,7,8H,1440,0.424
P,HOK,HOK ,HOK,H,2,3,7,9A,1440,0.529
AB,HOK,HOK ,HOK,H,2,3,7,9B,1440,0.448
P,SEK,HOK ,HOK,A,2,3,7,9C,1440,0.844
AB,SEK,HOK ,HOK,A,2,3,7,9D,1440,0.433
P,SEK,SEK ,HOK,A,2,3,7,9E,1440,0.636
AB,SEK,SEK ,HOK,A,2,3,7,9F,1440,0.506
P,HOK,SEK ,HOK,H,2,3,7,9G,1440,0.564
AB,HOK,SEK ,HOK,H,2,3,7,9H,1440,0.658
P,HOK,HOK ,HOK,H,2,2,7,10A,1440,0.471
AB,HOK,HOK ,HOK,H,2,2,7,10B,1440,1.126
P,SEK,HOK ,HOK,A,2,2,7,10C,1440,0.449
AB,SEK,HOK ,HOK,A,2,2,7,10D,1440,0.588
P,SEK,SEK ,HOK,A,2,2,7,10E,1440,0.365
AB,SEK,SEK ,HOK,A,2,2,7,10F,1440,0.511
P,HOK,SEK ,HOK,H,2,2,7,10G,1440,0.352
AB,HOK,SEK ,HOK,H,2,2,7,10H,1440,0.475
P,HOK,HOK ,SEK,A,1,5,7,1A,1440,0.6145
AB,HOK,HOK ,SEK,A,1,5,7,1B,1440,1.2835
P,SEK,HOK ,SEK,H,1,5,7,1C,1440,0.6685
AB,SEK,HOK ,SEK,H,1,5,7,1D,1440,0.3395
P,SEK,SEK ,SEK,H,1,5,7,1E,1440,0.2935
AB,SEK,SEK ,SEK,H,1,5,7,1F,1440,0.2845
P,HOK,SEK ,SEK,A,1,5,7,1G,1440,0.4305
AB,HOK,SEK ,SEK,A,1,5,7,1H,1440,0.3275
P,HOK,HOK ,SEK,A,1,5,7,2A,1440,0.3935
AB,HOK,HOK ,SEK,A,1,1,7,2B,1440,0.7215
P,SEK,HOK ,SEK,H,1,1,7,2C,1440,0.4375
AB,SEK,HOK ,SEK,H,1,1,7,2D,1440,0.3455
P,SEK,SEK ,SEK,H,1,1,7,2E,1440,0.9055
AB,SEK,SEK ,SEK,H,1,1,7,2F,1440,0.5945
P,HOK,SEK ,SEK,A,1,1,7,2G,1440,0.8515
AB,HOK,SEK ,SEK,A,1,1,7,2H,1440,0.5805
P,HOK,HOK ,SEK,A,1,1,7,3A,1440,0.7805
AB,HOK,HOK ,SEK,A,1,1,7,3B,1440,0.0975
P,SEK,HOK ,SEK,H,1,1,7,3C,1440,1.2685
AB,SEK,HOK ,SEK,H,1,1,7,3D,1440,0.3695
P,SEK,SEK ,SEK,H,1,1,7,3E,1440,0.3295
AB,SEK,SEK ,SEK,H,1,1,7,3F,1440,0.3875
P,HOK,SEK ,SEK,A,1,1,7,3G,1440,0.7255
AB,HOK,SEK ,SEK,A,1,1,7,3H,1440,0.3125
P,HOK,HOK ,SEK,A,1,1,7,4A,1440,0.6925
AB,HOK,HOK ,SEK,A,1,1,7,4B,1440,0.6415
P,SEK,HOK ,SEK,H,1,1,7,4C,1440,0.3495
AB,SEK,HOK ,SEK,H,1,1,7,4D,1440,0.3035
P,SEK,SEK ,SEK,H,1,1,7,4E,1440,0.2675
AB,SEK,SEK ,SEK,H,1,1,7,4F,1440,0.4725
P,HOK,SEK ,SEK,A,1,1,7,4G,1440,0.6315
AB,HOK,SEK ,SEK,A,1,1,7,4H,1440,0.3975
P,HOK,HOK ,SEK,A,1,1,7,5A,1440,0.9495
AB,HOK,HOK ,SEK,A,1,1,7,5B,1440,0.3575
P,SEK,HOK ,SEK,H,1,1,7,5C,1440,1.0485
AB,SEK,HOK ,SEK,H,1,1,7,5D,1440,1.4365
P,SEK,SEK ,SEK,H,1,1,7,5E,1440,0.3485
AB,SEK,SEK ,SEK,H,1,1,7,5F,1440,0.3695
P,HOK,SEK ,SEK,A,1,1,7,5G,1440,0.4375
AB,HOK,SEK ,SEK,A,1,1,7,5H,1440,0.3515
P,HOK,HOK ,HOK,H,1,5,7,6A,1440,0.4755
AB,HOK,HOK ,HOK,H,1,5,7,6B,1440,1.2105
P,SEK,HOK ,HOK,A,1,5,7,6C,1440,0.9485
AB,SEK,HOK ,HOK,A,1,5,7,6D,1440,0.8955
P,SEK,SEK ,HOK,A,1,5,7,6E,1440,1.4225
AB,SEK,SEK ,HOK,A,1,5,7,6F,1440,1.2365
P,HOK,SEK ,HOK,H,1,5,7,6G,1440,1.5725
AB,HOK,SEK ,HOK,H,1,5,7,6H,1440,0.6275
P,HOK,HOK ,HOK,H,1,5,7,7A,1440,0.9835
AB,HOK,HOK ,HOK,H,1,5,7,7B,1440,0.2455
P,SEK,HOK ,HOK,A,1,5,7,7C,1440,0.1265
AB,SEK,HOK ,HOK,A,1,5,7,7D,1440,0.1885
P,SEK,SEK ,HOK,A,1,5,7,7E,1440,0.1725
AB,SEK,SEK ,HOK,A,1,5,7,7F,1440,0.2625
P,HOK,SEK ,HOK,H,1,5,7,7G,1440,0.3985
AB,HOK,SEK ,HOK,H,1,5,7,7H,1440,0.9975
P,HOK,HOK ,HOK,H,1,5,7,8A,1440,0.4375
AB,HOK,HOK ,HOK,H,1,5,7,8B,1440,0.4495
P,SEK,HOK ,HOK,A,1,5,7,8C,1440,0.2165
AB,SEK,HOK ,HOK,A,1,5,7,8D,1440,1.0765
P,SEK,SEK ,HOK,A,1,5,7,8E,1440,0.8775
AB,SEK,SEK ,HOK,A,1,5,7,8F,1440,0.4365
P,HOK,SEK ,HOK,H,1,5,7,8G,1440,0.3925
AB,HOK,SEK ,HOK,H,1,5,7,8H,1440,0.4485
P,HOK,HOK ,HOK,H,1,4,7,9A,1440,0.3045
AB,HOK,HOK ,HOK,H,1,4,7,9B,1440,0.4495
P,SEK,HOK ,HOK,A,1,4,7,9C,1440,1.1195
AB,SEK,HOK ,HOK,A,1,4,7,9D,1440,0.2755
P,SEK,SEK ,HOK,A,1,4,7,9E,1440,0.4655
AB,SEK,SEK ,HOK,A,1,4,7,9FR,1440,0.6825
P,HOK,SEK ,HOK,H,1,4,7,9G,1440,1.8265
AB,HOK,SEK ,HOK,H,1,4,7,9H,1440,0.4605
P,HOK,HOK ,HOK,H,1,4,7,10A,1440,0.6525
AB,HOK,HOK ,HOK,H,1,4,7,10B,1440,0.6425
P,SEK,HOK ,HOK,A,1,4,7,10C,1440,1.3985
AB,SEK,HOK ,HOK,A,1,4,7,10D,1440,0.4075
P,SEK,SEK ,HOK,A,1,4,7,10E,1440,0.4675
AB,SEK,SEK ,HOK,A,1,4,7,10F,1440,0.8135
P,HOK,SEK ,HOK,H,1,4,7,10G,1440,0.4815
AB,HOK,SEK ,HOK,H,1,4,7,10H,1440,0.4025
P,HOK,HOK ,SEK,A,2,5,7,1A,2880,0.6305
AB,HOK,HOK ,SEK,A,2,5,7,1B,2880,0.4845
P,SEK,HOK ,SEK,H,2,5,7,1C,2880,1.3155
AB,SEK,HOK ,SEK,H,2,5,7,1D,2880,0.7765
P,SEK,SEK ,SEK,H,2,5,7,1E,2880,0.6685
AB,SEK,SEK ,SEK,H,2,5,7,1F,2880,0.4985
P,HOK,SEK ,SEK,A,2,5,7,1G,2880,1.4595
AB,HOK,SEK ,SEK,A,2,5,7,1H,2880,0.6055
P,HOK,HOK ,SEK,A,2,5,7,2A,2880,0.3555
AB,HOK,HOK ,SEK,A,2,5,7,2B,2880,1.1655
P,SEK,HOK ,SEK,H,2,5,7,2C,2880,0.2025
AB,SEK,HOK ,SEK,H,2,5,7,2D,2880,0.5765
P,SEK,SEK ,SEK,H,2,5,7,2E,2880,0.4865
AB,SEK,SEK ,SEK,H,2,5,7,2F,2880,0.5185
P,HOK,SEK ,SEK,A,2,5,7,2G,2880,0.2715
AB,HOK,SEK ,SEK,A,2,5,7,2H,2880,1.7065
P,HOK,HOK ,SEK,A,2,5,7,3A,2880,0.7245
AB,HOK,HOK ,SEK,A,2,5,7,3B,2880,1.3175
P,SEK,HOK ,SEK,H,2,5,7,3C,2880,0.9965
AB,SEK,HOK ,SEK,H,2,5,7,3D,2880,0.2575
P,SEK,SEK ,SEK,H,2,5,7,3E,2880,1.8305
AB,SEK,SEK ,SEK,H,2,5,7,3F,2880,0.2505
P,HOK,SEK ,SEK,A,2,5,7,3G,2880,0.2655
AB,HOK,SEK ,SEK,A,2,5,7,3H,2880,0.3475
P,HOK,HOK ,SEK,A,2,4,7,4A,2880,0.4105
AB,HOK,HOK ,SEK,A,2,4,7,4B,2880,1.3645
P,SEK,HOK ,SEK,H,2,4,7,4C,2880,0.2555
AB,SEK,HOK ,SEK,H,2,4,7,4D,2880,1.7525
P,SEK,SEK ,SEK,H,2,4,7,4E,2880,0.9865
AB,SEK,SEK ,SEK,H,2,4,7,4F,2880,0.3815
P,HOK,SEK ,SEK,A,2,4,7,4G,2880,0.4135
AB,HOK,SEK ,SEK,A,2,4,7,4H,2880,0.4885
P,HOK,HOK ,SEK,A,2,4,7,5A,2880,1.7505
AB,HOK,HOK ,SEK,A,2,4,7,5B,2880,0.5885
P,SEK,HOK ,SEK,H,2,4,7,5C,2880,0.7225
AB,SEK,HOK ,SEK,H,2,4,7,5D,2880,1.2105
P,SEK,SEK ,SEK,H,2,4,7,5E,2880,0.6725
AB,SEK,SEK ,SEK,H,2,4,7,5F,2880,0.5655
P,HOK,SEK ,SEK,A,2,4,7,5G,2880,0.5635
AB,HOK,SEK ,SEK,A,2,4,7,5H,2880,0.5835
P,HOK,HOK ,HOK,H,2,4,7,6A,2880,1.4475
AB,HOK,HOK ,HOK,H,2,4,7,6B,2880,0.3855
P,SEK,HOK ,HOK,A,2,4,7,6C,2880,0.4415
AB,SEK,HOK ,HOK,A,2,4,7,6D,2880,0.7965
P,SEK,SEK ,HOK,A,2,4,7,6E,2880,0.6005
AB,SEK,SEK ,HOK,A,2,4,7,6F,2880,0.7755
P,HOK,SEK ,HOK,H,2,4,7,6G,2880,1.3475
AB,HOK,SEK ,HOK,H,2,4,7,6H,2880,0.6435
P,HOK,HOK ,HOK,H,2,3,7,7A,2880,0.2325
AB,HOK,HOK ,HOK,H,2,3,7,7B,2880,0.1715
P,SEK,HOK ,HOK,A,2,3,7,7C,2880,0.1605
AB,SEK,HOK ,HOK,A,2,3,7,7D,2880,0.4575
P,SEK,SEK ,HOK,A,2,3,7,7E,2880,0.2275
AB,SEK,SEK ,HOK,A,2,3,7,7F,2880,0.2745
P,HOK,SEK ,HOK,H,2,3,7,7G,2880,0.1925
AB,HOK,SEK ,HOK,H,2,3,7,7H,2880,0.4125
P,HOK,HOK ,HOK,H,2,3,7,8A,2880,0.3155
AB,HOK,HOK ,HOK,H,2,3,7,8B,2880,1.1105
P,SEK,HOK ,HOK,A,2,3,7,8C,2880,0.3235
AB,SEK,HOK ,HOK,A,2,3,7,8D,2880,0.3705
P,SEK,SEK ,HOK,A,2,3,7,8E,2880,0.3505
AB,SEK,SEK ,HOK,A,2,3,7,8F,2880,0.6755
P,HOK,SEK ,HOK,H,2,3,7,8G,2880,1.7305
AB,HOK,SEK ,HOK,H,2,3,7,8H,2880,0.4615
P,HOK,HOK ,HOK,H,2,3,7,9A,2880,0.5655
AB,HOK,HOK ,HOK,H,2,3,7,9B,2880,0.4595
P,SEK,HOK ,HOK,A,2,3,7,9C,2880,0.8695
AB,SEK,HOK ,HOK,A,2,3,7,9D,2880,0.4555
P,SEK,SEK ,HOK,A,2,3,7,9E,2880,0.7545
AB,SEK,SEK ,HOK,A,2,3,7,9F,2880,0.6025
P,HOK,SEK ,HOK,H,2,3,7,9G,2880,0.6665
AB,HOK,SEK ,HOK,H,2,3,7,9H,2880,0.5835
P,HOK,HOK ,HOK,H,2,2,7,10A,2880,0.4965
AB,HOK,HOK ,HOK,H,2,2,7,10B,2880,0.5205
P,SEK,HOK ,HOK,A,2,2,7,10C,2880,0.4705
AB,SEK,HOK ,HOK,A,2,2,7,10D,2880,0.6205
P,SEK,SEK ,HOK,A,2,2,7,10E,2880,0.3655
AB,SEK,SEK ,HOK,A,2,2,7,10F,2880,0.7045
P,HOK,SEK ,HOK,H,2,2,7,10G,2880,0.3615
AB,HOK,SEK ,HOK,H,2,2,7,10H,2880,0.4055
P,HOK,HOK ,SEK,A,1,5,7,1A,2880,0.79925
AB,HOK,HOK ,SEK,A,1,5,7,1B,2880,1.49125
P,SEK,HOK ,SEK,H,1,5,7,1C,2880,0.64625
AB,SEK,HOK ,SEK,H,1,5,7,1D,2880,0.33725
P,SEK,SEK ,SEK,H,1,5,7,1E,2880,0.31625
AB,SEK,SEK ,SEK,H,1,5,7,1F,2880,0.32925
P,HOK,SEK ,SEK,A,1,5,7,1G,2880,0.48925
AB,HOK,SEK ,SEK,A,1,5,7,1H,2880,0.33725
P,HOK,HOK ,SEK,A,1,5,7,2A,2880,0.40925
AB,HOK,HOK ,SEK,A,1,1,7,2B,2880,0.78825
P,SEK,HOK ,SEK,H,1,1,7,2C,2880,0.56125
AB,SEK,HOK ,SEK,H,1,1,7,2D,2880,0.35825
P,SEK,SEK ,SEK,H,1,1,7,2E,2880,1.23225
AB,SEK,SEK ,SEK,H,1,1,7,2F,2880,0.62325
P,HOK,SEK ,SEK,A,1,1,7,2G,2880,1.32625
AB,HOK,SEK ,SEK,A,1,1,7,2H,2880,0.62625
P,HOK,HOK ,SEK,A,1,1,7,3A,2880,0.88225
AB,HOK,HOK ,SEK,A,1,1,7,3B,2880,0.10225
P,SEK,HOK ,SEK,H,1,1,7,3C,2880,1.19325
AB,SEK,HOK ,SEK,H,1,1,7,3D,2880,0.34625
P,SEK,SEK ,SEK,H,1,1,7,3E,2880,0.34525
AB,SEK,SEK ,SEK,H,1,1,7,3F,2880,0.41025
P,HOK,SEK ,SEK,A,1,1,7,3G,2880,0.66525
AB,HOK,SEK ,SEK,A,1,1,7,3H,2880,0.22325
P,HOK,HOK ,SEK,A,1,1,7,4A,2880,0.99125
AB,HOK,HOK ,SEK,A,1,1,7,4B,2880,0.67425
P,SEK,HOK ,SEK,H,1,1,7,4C,2880,0.36225
AB,SEK,HOK ,SEK,H,1,1,7,4D,2880,0.31625
P,SEK,SEK ,SEK,H,1,1,7,4E,2880,0.28125
AB,SEK,SEK ,SEK,H,1,1,7,4F,2880,0.55325
P,HOK,SEK ,SEK,A,1,1,7,4G,2880,0.68425
AB,HOK,SEK ,SEK,A,1,1,7,4H,2880,0.44125
P,HOK,HOK ,SEK,A,1,1,7,5A,2880,1.19525
AB,HOK,HOK ,SEK,A,1,1,7,5B,2880,0.34325
P,SEK,HOK ,SEK,H,1,1,7,5C,2880,0.92725
AB,SEK,HOK ,SEK,H,1,1,7,5D,2880,0.49125
P,SEK,SEK ,SEK,H,1,1,7,5E,2880,0.39425
AB,SEK,SEK ,SEK,H,1,1,7,5F,2880,0.47025
P,HOK,SEK ,SEK,A,1,1,7,5G,2880,0.46025
AB,HOK,SEK ,SEK,A,1,1,7,5H,2880,0.33625
P,HOK,HOK ,HOK,H,1,5,7,6A,2880,0.51325
AB,HOK,HOK ,HOK,H,1,5,7,6B,2880,1.31425
P,SEK,HOK ,HOK,A,1,5,7,6C,2880,1.22725
AB,SEK,HOK ,HOK,A,1,5,7,6D,2880,0.87425
P,SEK,SEK ,HOK,A,1,5,7,6E,2880,1.19825
AB,SEK,SEK ,HOK,A,1,5,7,6F,2880,1.08125
P,HOK,SEK ,HOK,H,1,5,7,6G,2880,1.68125
AB,HOK,SEK ,HOK,H,1,5,7,6H,2880,0.66325
P,HOK,HOK ,HOK,H,1,5,7,7A,2880,1.28925
AB,HOK,HOK ,HOK,H,1,5,7,7B,2880,0.25625
P,SEK,HOK ,HOK,A,1,5,7,7C,2880,0.12625
AB,SEK,HOK ,HOK,A,1,5,7,7D,2880,0.18125
P,SEK,SEK ,HOK,A,1,5,7,7E,2880,0.18925
AB,SEK,SEK ,HOK,A,1,5,7,7F,2880,0.28025
P,HOK,SEK ,HOK,H,1,5,7,7G,2880,0.43825
AB,HOK,SEK ,HOK,H,1,5,7,7H,2880,1.44025
P,HOK,HOK ,HOK,H,1,5,7,8A,2880,0.47825
AB,HOK,HOK ,HOK,H,1,5,7,8B,2880,0.43425
P,SEK,HOK ,HOK,A,1,5,7,8C,2880,0.23825
AB,SEK,HOK ,HOK,A,1,5,7,8D,2880,0.64525
P,SEK,SEK ,HOK,A,1,5,7,8E,2880,1.29525
AB,SEK,SEK ,HOK,A,1,5,7,8F,2880,0.52025
P,HOK,SEK ,HOK,H,1,5,7,8G,2880,0.40625
AB,HOK,SEK ,HOK,H,1,5,7,8H,2880,0.49025
P,HOK,HOK ,HOK,H,1,4,7,9A,2880,0.33525
AB,HOK,HOK ,HOK,H,1,4,7,9B,2880,0.46425
P,SEK,HOK ,HOK,A,1,4,7,9C,2880,1.55525
AB,SEK,HOK ,HOK,A,1,4,7,9D,2880,0.29225
P,SEK,SEK ,HOK,A,1,4,7,9E,2880,0.50225
AB,SEK,SEK ,HOK,A,1,4,7,9FR,2880,0.65325
P,HOK,SEK ,HOK,H,1,4,7,9G,2880,1.60025
AB,HOK,SEK ,HOK,H,1,4,7,9H,2880,0.46325
P,HOK,HOK ,HOK,H,1,4,7,10A,2880,0.78125
AB,HOK,HOK ,HOK,H,1,4,7,10B,2880,0.83925
P,SEK,HOK ,HOK,A,1,4,7,10C,2880,1.70925
AB,SEK,HOK ,HOK,A,1,4,7,10D,2880,0.47125
P,SEK,SEK ,HOK,A,1,4,7,10E,2880,0.55625
AB,SEK,SEK ,HOK,A,1,4,7,10F,2880,0.68025
P,HOK,SEK ,HOK,H,1,4,7,10G,2880,0.49325
AB,HOK,SEK ,HOK,H,1,4,7,10H,2880,0.43525
P,HOK,HOK ,SEK,A,2,5,7,1A,4320,0.63125
AB,HOK,HOK ,SEK,A,2,5,7,1B,4320,0.53425
P,SEK,HOK ,SEK,H,2,5,7,1C,4320,1.07825
AB,SEK,HOK ,SEK,H,2,5,7,1D,4320,0.82725
P,SEK,SEK ,SEK,H,2,5,7,1E,4320,0.65425
AB,SEK,SEK ,SEK,H,2,5,7,1F,4320,0.55925
P,HOK,SEK ,SEK,A,2,5,7,1G,4320,1.43725
AB,HOK,SEK ,SEK,A,2,5,7,1H,4320,0.69425
P,HOK,HOK ,SEK,A,2,5,7,2A,4320,0.40425
AB,HOK,HOK ,SEK,A,2,5,7,2B,4320,1.57525
P,SEK,HOK ,SEK,H,2,5,7,2C,4320,0.21325
AB,SEK,HOK ,SEK,H,2,5,7,2D,4320,0.56825
P,SEK,SEK ,SEK,H,2,5,7,2E,4320,0.51325
AB,SEK,SEK ,SEK,H,2,5,7,2F,4320,0.64125
P,HOK,SEK ,SEK,A,2,5,7,2G,4320,0.27925
AB,HOK,SEK ,SEK,A,2,5,7,2H,4320,1.64225
P,HOK,HOK ,SEK,A,2,5,7,3A,4320,0.60825
AB,HOK,HOK ,SEK,A,2,5,7,3B,4320,0.56625
P,SEK,HOK ,SEK,H,2,5,7,3C,4320,0.95825
AB,SEK,HOK ,SEK,H,2,5,7,3D,4320,0.28525
P,SEK,SEK ,SEK,H,2,5,7,3E,4320,1.86325
AB,SEK,SEK ,SEK,H,2,5,7,3F,4320,0.25225
P,HOK,SEK ,SEK,A,2,5,7,3G,4320,0.29225
AB,HOK,SEK ,SEK,A,2,5,7,3H,4320,0.36225
P,HOK,HOK ,SEK,A,2,4,7,4A,4320,0.43325
AB,HOK,HOK ,SEK,A,2,4,7,4B,4320,1.24925
P,SEK,HOK ,SEK,H,2,4,7,4C,4320,0.23525
AB,SEK,HOK ,SEK,H,2,4,7,4D,4320,1.71025
P,SEK,SEK ,SEK,H,2,4,7,4E,4320,1.23125
AB,SEK,SEK ,SEK,H,2,4,7,4F,4320,0.44325
P,HOK,SEK ,SEK,A,2,4,7,4G,4320,0.46925
AB,HOK,SEK ,SEK,A,2,4,7,4H,4320,0.51425
P,HOK,HOK ,SEK,A,2,4,7,5A,4320,1.96925
AB,HOK,HOK ,SEK,A,2,4,7,5B,4320,0.67825
P,SEK,HOK ,SEK,H,2,4,7,5C,4320,0.78025
AB,SEK,HOK ,SEK,H,2,4,7,5D,4320,1.59225
P,SEK,SEK ,SEK,H,2,4,7,5E,4320,0.76125
AB,SEK,SEK ,SEK,H,2,4,7,5F,4320,0.65925
P,HOK,SEK ,SEK,A,2,4,7,5G,4320,0.69525
AB,HOK,SEK ,SEK,A,2,4,7,5H,4320,0.63225
P,HOK,HOK ,HOK,H,2,4,7,6A,4320,1.40025
AB,HOK,HOK ,HOK,H,2,4,7,6B,4320,0.38425
P,SEK,HOK ,HOK,A,2,4,7,6C,4320,0.53125
AB,SEK,HOK ,HOK,A,2,4,7,6D,4320,0.92525
P,SEK,SEK ,HOK,A,2,4,7,6E,4320,0.62625
AB,SEK,SEK ,HOK,A,2,4,7,6F,4320,0.91225
P,HOK,SEK ,HOK,H,2,4,7,6G,4320,1.61225
AB,HOK,SEK ,HOK,H,2,4,7,6H,4320,0.64525
P,HOK,HOK ,HOK,H,2,3,7,7A,4320,0.24225
AB,HOK,HOK ,HOK,H,2,3,7,7B,4320,0.18525
P,SEK,HOK ,HOK,A,2,3,7,7C,4320,0.15925
AB,SEK,HOK ,HOK,A,2,3,7,7D,4320,0.51525
P,SEK,SEK ,HOK,A,2,3,7,7E,4320,0.23625
AB,SEK,SEK ,HOK,A,2,3,7,7F,4320,0.26725
P,HOK,SEK ,HOK,H,2,3,7,7G,4320,0.20925
AB,HOK,SEK ,HOK,H,2,3,7,7H,4320,0.46925
P,HOK,HOK ,HOK,H,2,3,7,8A,4320,0.33025
AB,HOK,HOK ,HOK,H,2,3,7,8B,4320,1.58525
P,SEK,HOK ,HOK,A,2,3,7,8C,4320,0.34425
AB,SEK,HOK ,HOK,A,2,3,7,8D,4320,0.33625
P,SEK,SEK ,HOK,A,2,3,7,8E,4320,0.41525
AB,SEK,SEK ,HOK,A,2,3,7,8F,4320,0.62425
P,HOK,SEK ,HOK,H,2,3,7,8G,4320,1.82725
AB,HOK,SEK ,HOK,H,2,3,7,8H,4320,0.51825
P,HOK,HOK ,HOK,H,2,3,7,9A,4320,0.61725
AB,HOK,HOK ,HOK,H,2,3,7,9B,4320,0.53225
P,SEK,HOK ,HOK,A,2,3,7,9C,4320,1.04925
AB,SEK,HOK ,HOK,A,2,3,7,9D,4320,0.50225
P,SEK,SEK ,HOK,A,2,3,7,9E,4320,0.85825
AB,SEK,SEK ,HOK,A,2,3,7,9F,4320,0.67325
P,HOK,SEK ,HOK,H,2,3,7,9G,4320,0.70525
AB,HOK,SEK ,HOK,H,2,3,7,9H,4320,0.68325
P,HOK,HOK ,HOK,H,2,2,7,10A,4320,0.50625
AB,HOK,HOK ,HOK,H,2,2,7,10B,4320,0.45225
P,SEK,HOK ,HOK,A,2,2,7,10C,4320,0.49625
AB,SEK,HOK ,HOK,A,2,2,7,10D,4320,0.67225
P,SEK,SEK ,HOK,A,2,2,7,10E,4320,0.39925
AB,SEK,SEK ,HOK,A,2,2,7,10F,4320,0.72725
P,HOK,SEK ,HOK,H,2,2,7,10G,4320,0.37625
AB,HOK,SEK ,HOK,H,2,2,7,10H,4320,0.52825
P,HOK,HOK ,SEK,A,1,5,7,1A,4320,0.77175
AB,HOK,HOK ,SEK,A,1,5,7,1B,4320,1.41675
P,SEK,HOK ,SEK,H,1,5,7,1C,4320,0.64575
AB,SEK,HOK ,SEK,H,1,5,7,1D,4320,0.35075
P,SEK,SEK ,SEK,H,1,5,7,1E,4320,0.32275
AB,SEK,SEK ,SEK,H,1,5,7,1F,4320,0.34575
P,HOK,SEK ,SEK,A,1,5,7,1G,4320,0.54975
AB,HOK,SEK ,SEK,A,1,5,7,1H,4320,0.37175
P,HOK,HOK ,SEK,A,1,5,7,2A,4320,0.41475
AB,HOK,HOK ,SEK,A,1,1,7,2B,4320,1.14875
P,SEK,HOK ,SEK,H,1,1,7,2C,4320,0.55975
AB,SEK,HOK ,SEK,H,1,1,7,2D,4320,0.36675
P,SEK,SEK ,SEK,H,1,1,7,2E,4320,1.28075
AB,SEK,SEK ,SEK,H,1,1,7,2F,4320,0.67375
P,HOK,SEK ,SEK,A,1,1,7,2G,4320,0.99575
AB,HOK,SEK ,SEK,A,1,1,7,2H,4320,0.66175
P,HOK,HOK ,SEK,A,1,1,7,3A,4320,0.91475
AB,HOK,HOK ,SEK,A,1,1,7,3B,4320,0.09875
P,SEK,HOK ,SEK,H,1,1,7,3C,4320,1.18275
AB,SEK,HOK ,SEK,H,1,1,7,3D,4320,0.35375
P,SEK,SEK ,SEK,H,1,1,7,3E,4320,0.32075
AB,SEK,SEK ,SEK,H,1,1,7,3F,4320,0.41175
P,HOK,SEK ,SEK,A,1,1,7,3G,4320,0.68975
AB,HOK,SEK ,SEK,A,1,1,7,3H,4320,0.22875
P,HOK,HOK ,SEK,A,1,1,7,4A,4320,0.96175
AB,HOK,HOK ,SEK,A,1,1,7,4B,4320,0.61175
P,SEK,HOK ,SEK,H,1,1,7,4C,4320,0.39975
AB,SEK,HOK ,SEK,H,1,1,7,4D,4320,0.35275
P,SEK,SEK ,SEK,H,1,1,7,4E,4320,0.28275
AB,SEK,SEK ,SEK,H,1,1,7,4F,4320,0.64875
P,HOK,SEK ,SEK,A,1,1,7,4G,4320,0.64875
AB,HOK,SEK ,SEK,A,1,1,7,4H,4320,0.46375
P,HOK,HOK ,SEK,A,1,1,7,5A,4320,1.27275
AB,HOK,HOK ,SEK,A,1,1,7,5B,4320,0.35275
P,SEK,HOK ,SEK,H,1,1,7,5C,4320,0.93075
AB,SEK,HOK ,SEK,H,1,1,7,5D,4320,0.52075
P,SEK,SEK ,SEK,H,1,1,7,5E,4320,0.38775
AB,SEK,SEK ,SEK,H,1,1,7,5F,4320,0.45375
P,HOK,SEK ,SEK,A,1,1,7,5G,4320,0.46275
AB,HOK,SEK ,SEK,A,1,1,7,5H,4320,0.34275
P,HOK,HOK ,HOK,H,1,5,7,6A,4320,0.53275
AB,HOK,HOK ,HOK,H,1,5,7,6B,4320,1.22075
P,SEK,HOK ,HOK,A,1,5,7,6C,4320,0.90075
AB,SEK,HOK ,HOK,A,1,5,7,6D,4320,1.00975
P,SEK,SEK ,HOK,A,1,5,7,6E,4320,1.18175
AB,SEK,SEK ,HOK,A,1,5,7,6F,4320,1.11875
P,HOK,SEK ,HOK,H,1,5,7,6G,4320,1.64375
AB,HOK,SEK ,HOK,H,1,5,7,6H,4320,0.65475
P,HOK,HOK ,HOK,H,1,5,7,7A,4320,1.60575
AB,HOK,HOK ,HOK,H,1,5,7,7B,4320,0.27675
P,SEK,HOK ,HOK,A,1,5,7,7C,4320,0.15175
AB,SEK,HOK ,HOK,A,1,5,7,7D,4320,0.19175
P,SEK,SEK ,HOK,A,1,5,7,7E,4320,0.20275
AB,SEK,SEK ,HOK,A,1,5,7,7F,4320,0.29775
P,HOK,SEK ,HOK,H,1,5,7,7G,4320,0.48575
AB,HOK,SEK ,HOK,H,1,5,7,7H,4320,1.36275
P,HOK,HOK ,HOK,H,1,5,7,8A,4320,0.49475
AB,HOK,HOK ,HOK,H,1,5,7,8B,4320,0.44775
P,SEK,HOK ,HOK,A,1,5,7,8C,4320,0.24175
AB,SEK,HOK ,HOK,A,1,5,7,8D,4320,0.60775
P,SEK,SEK ,HOK,A,1,5,7,8E,4320,1.32075
AB,SEK,SEK ,HOK,A,1,5,7,8F,4320,0.36475
P,HOK,SEK ,HOK,H,1,5,7,8G,4320,0.41675
AB,HOK,SEK ,HOK,H,1,5,7,8H,4320,0.45375
P,HOK,HOK ,HOK,H,1,4,7,9A,4320,0.36275
AB,HOK,HOK ,HOK,H,1,4,7,9B,4320,0.50075
P,SEK,HOK ,HOK,A,1,4,7,9C,4320,1.52275
AB,SEK,HOK ,HOK,A,1,4,7,9D,4320,0.29275
P,SEK,SEK ,HOK,A,1,4,7,9E,4320,0.51675
AB,SEK,SEK ,HOK,A,1,4,7,9FR,4320,0.72375
P,HOK,SEK ,HOK,H,1,4,7,9G,4320,1.64475
AB,HOK,SEK ,HOK,H,1,4,7,9H,4320,0.47575
P,HOK,HOK ,HOK,H,1,4,7,10A,4320,0.84575
AB,HOK,HOK ,HOK,H,1,4,7,10B,4320,0.91475
P,SEK,HOK ,HOK,A,1,4,7,10C,4320,1.58975
AB,SEK,HOK ,HOK,A,1,4,7,10D,4320,0.48275
P,SEK,SEK ,HOK,A,1,4,7,10E,4320,0.55375
AB,SEK,SEK ,HOK,A,1,4,7,10F,4320,0.75675
P,HOK,SEK ,HOK,H,1,4,7,10G,4320,0.50475
AB,HOK,SEK ,HOK,H,1,4,7,10H,4320,0.44475