treatment,tree_id,deploy,metabolite,hfa,site_num,tree_num,decomp_day,well_id,time,od_raw,od_corrected
P,HOK,HOK ,SEK,A,2,5,3,1A,30,0.614,0.5225
AB,HOK,HOK ,SEK,A,2,5,3,1B,30,0.433,0.3415
P,SEK,HOK ,SEK,H,2,5,3,1C,30,1.507,1.4155
AB,SEK,HOK ,SEK,H,2,5,3,1D,30,0.421,0.3295
P,SEK,SEK ,SEK,H,2,5,3,1E,30,0.733,0.6415
AB,SEK,SEK ,SEK,H,2,5,3,1F,30,0.917,0.8255
P,HOK,SEK ,SEK,A,2,5,3,1G,30,0.997,0.9055
AB,HOK,SEK ,SEK,A,2,5,3,1H,30,0.539,0.4475
P,HOK,HOK ,SEK,A,2,5,3,2A,30,0.398,0.3065
AB,HOK,HOK ,SEK,A,2,5,3,2B,30,0.549,0.4575
P,SEK,HOK ,SEK,H,2,5,3,2C,30,0.349,0.2575
AB,SEK,HOK ,SEK,H,2,5,3,2D,30,1.438,1.3465
P,SEK,SEK ,SEK,H,2,5,3,2E,30,0.403,0.3115
AB,SEK,SEK ,SEK,H,2,5,3,2F,30,0.569,0.4775
P,HOK,SEK ,SEK,A,2,5,3,2G,30,1.443,1.3515
AB,HOK,SEK ,SEK,A,2,5,3,2H,30,1.13,1.0385
P,HOK,HOK ,SEK,A,2,5,3,3A,30,0.337,0.2455
AB,HOK,HOK ,SEK,A,2,5,3,3B,30,0.381,0.2895
P,SEK,HOK ,SEK,H,2,5,3,3C,30,0.429,0.3375
AB,SEK,HOK ,SEK,H,2,5,3,3D,30,0.754,0.6625
P,SEK,SEK ,SEK,H,2,5,3,3E,30,0.785,0.6935
AB,SEK,SEK ,SEK,H,2,5,3,3F,30,1.424,1.3325
P,HOK,SEK ,SEK,A,2,5,3,3G,30,1.733,1.6415
AB,HOK,SEK ,SEK,A,2,5,3,3H,30,1.007,0.9155
P,HOK,HOK ,SEK,A,2,4,3,4A,30,0.416,0.3245
AB,HOK,HOK ,SEK,A,2,4,3,4B,30,0.667,0.5755
P,SEK,HOK ,SEK,H,2,4,3,4C,30,1.253,1.1615
AB,SEK,HOK ,SEK,H,2,4,3,4D,30,1.975,1.8835
P,SEK,SEK ,SEK,H,2,4,3,4E,30,1.393,1.3015
AB,SEK,SEK ,SEK,H,2,4,3,4F,30,0.53,0.4385
P,HOK,SEK ,SEK,A,2,4,3,4G,30,1.323,1.2315
AB,HOK,SEK ,SEK,A,2,4,3,4H,30,0.924,0.8325
P,HOK,HOK ,SEK,A,2,4,3,5A,30,0.534,0.4425
AB,HOK,HOK ,SEK,A,2,4,3,5B,30,1.542,1.4505
P,SEK,HOK ,SEK,H,2,4,3,5C,30,1.027,0.9355
AB,SEK,HOK ,SEK,H,2,4,3,5D,30,1.556,1.4645
P,SEK,SEK ,SEK,H,2,4,3,5E,30,1.849,1.7575
AB,SEK,SEK ,SEK,H,2,4,3,5F,30,1.221,1.1295
P,HOK,SEK ,SEK,A,2,4,3,5G,30,1.443,1.3515
AB,HOK,SEK ,SEK,A,2,4,3,5H,30,1.034,0.9425
P,HOK,HOK ,HOK,H,2,4,3,6A,30,1.046,0.9545
AB,HOK,HOK ,HOK,H,2,4,3,6B,30,0.534,0.4425
P,SEK,HOK ,HOK,A,2,4,3,6C,30,1.893,1.8015
AB,SEK,HOK ,HOK,A,2,4,3,6D,30,1.253,1.1615
P,SEK,SEK ,HOK,A,2,4,3,6E,30,0.669,0.5775
AB,SEK,SEK ,HOK,A,2,4,3,6F,30,1.487,1.3955
P,HOK,SEK ,HOK,H,2,4,3,6G,30,0.877,0.7855
AB,HOK,SEK ,HOK,H,2,4,3,6H,30,1.405,1.3135
P,HOK,HOK ,HOK,H,2,3,3,7A,30,0.521,0.4295
AB,HOK,HOK ,HOK,H,2,3,3,7B,30,0.742,0.6505
P,SEK,HOK ,HOK,A,2,3,3,7C,30,0.276,0.1845
AB,SEK,HOK ,HOK,A,2,3,3,7D,30,1.371,1.2795
P,SEK,SEK ,HOK,A,2,3,3,7E,30,0.355,0.2635
AB,SEK,SEK ,HOK,A,2,3,3,7F,30,1.317,1.2255
P,HOK,SEK ,HOK,H,2,3,3,7G,30,0.745,0.6535
AB,HOK,SEK ,HOK,H,2,3,3,7H,30,0.353,0.2615
P,HOK,HOK ,HOK,H,2,3,3,8A,30,0.424,0.3325
AB,HOK,HOK ,HOK,H,2,3,3,8B,30,0.36,0.2685
P,SEK,HOK ,HOK,A,2,3,3,8C,30,1.231,1.1395
AB,SEK,HOK ,HOK,A,2,3,3,8D,30,1.405,1.3135
P,SEK,SEK ,HOK,A,2,3,3,8E,30,0.425,0.3335
AB,SEK,SEK ,HOK,A,2,3,3,8F,30,0.407,0.3155
P,HOK,SEK ,HOK,H,2,3,3,8G,30,1.32,1.2285
AB,HOK,SEK ,HOK,H,2,3,3,8H,30,0.49,0.3985
P,HOK,HOK ,HOK,H,2,3,3,9A,30,0.434,0.3425
AB,HOK,HOK ,HOK,H,2,3,3,9B,30,0.426,0.3345
P,SEK,HOK ,HOK,A,2,3,3,9C,30,1.135,1.0435
AB,SEK,HOK ,HOK,A,2,3,3,9D,30,0.538,0.4465
P,SEK,SEK ,HOK,A,2,3,3,9E,30,1.738,1.6465
AB,SEK,SEK ,HOK,A,2,3,3,9F,30,0.75,0.6585
P,HOK,SEK ,HOK,H,2,3,3,9G,30,0.696,0.6045
AB,HOK,SEK ,HOK,H,2,3,3,9H,30,0.587,0.4955
P,HOK,HOK ,HOK,H,2,2,3,10A,30,0.833,0.7415
AB,HOK,HOK ,HOK,H,2,2,3,10B,30,0.572,0.4805
P,SEK,HOK ,HOK,A,2,2,3,10C,30,1.512,1.4205
AB,SEK,HOK ,HOK,A,2,2,3,10D,30,1.624,1.5325
P,SEK,SEK ,HOK,A,2,2,3,10E,30,1.498,1.4065
AB,SEK,SEK ,HOK,A,2,2,3,10F,30,1.382,1.2905
P,HOK,SEK ,HOK,H,2,2,3,10G,30,1.293,1.2015
AB,HOK,SEK ,HOK,H,2,2,3,10H,30,2.098,2.0065
P,HOK,HOK ,SEK,A,1,5,3,1A,30,0.349,0.2275
AB,HOK,HOK ,SEK,A,1,5,3,1B,30,0.434,0.3125
P,SEK,HOK ,SEK,H,1,5,3,1C,30,0.328,0.2065
AB,SEK,HOK ,SEK,H,1,5,3,1D,30,0.363,0.2415
P,SEK,SEK ,SEK,H,1,5,3,1E,30,1.05,0.9285
AB,SEK,SEK ,SEK,H,1,5,3,1F,30,0.368,0.2465
P,HOK,SEK ,SEK,A,1,5,3,1G,30,1.387,1.2655
AB,HOK,SEK ,SEK,A,1,5,3,1H,30,0.581,0.4595
P,HOK,HOK ,SEK,A,1,5,3,2A,30,1.499,1.3775
AB,HOK,HOK ,SEK,A,1,1,3,2B,30,1.533,1.4115
P,SEK,HOK ,SEK,H,1,1,3,2C,30,1.352,1.2305
AB,SEK,HOK ,SEK,H,1,1,3,2D,30,0.416,0.2945
P,SEK,SEK ,SEK,H,1,1,3,2E,30,0.574,0.4525
AB,SEK,SEK ,SEK,H,1,1,3,2F,30,1.27,1.1485
P,HOK,SEK ,SEK,A,1,1,3,2G,30,1.287,1.1655
AB,HOK,SEK ,SEK,A,1,1,3,2H,30,2.434,2.3125
P,HOK,HOK ,SEK,A,1,1,3,3A,30,0.349,0.2275
AB,HOK,HOK ,SEK,A,1,1,3,3B,30,0.511,0.3895
P,SEK,HOK ,SEK,H,1,1,3,3C,30,1.525,1.4035
AB,SEK,HOK ,SEK,H,1,1,3,3D,30,1.439,1.3175
P,SEK,SEK ,SEK,H,1,1,3,3E,30,0.945,0.8235
AB,SEK,SEK ,SEK,H,1,1,3,3F,30,0.918,0.7965
P,HOK,SEK ,SEK,A,1,1,3,3G,30,1.127,1.0055
AB,HOK,SEK ,SEK,A,1,1,3,3H,30,1.054,0.9325
P,HOK,HOK ,SEK,A,1,1,3,4A,30,0.611,0.4895
AB,HOK,HOK ,SEK,A,1,1,3,4B,30,0.714,0.5925
P,SEK,HOK ,SEK,H,1,1,3,4C,30,0.51,0.3885
AB,SEK,HOK ,SEK,H,1,1,3,4D,30,0.432,0.3105
P,SEK,SEK ,SEK,H,1,1,3,4E,30,0.839,0.7175
AB,SEK,SEK ,SEK,H,1,1,3,4F,30,0.898,0.7765
P,HOK,SEK ,SEK,A,1,1,3,4G,30,2.063,1.9415
AB,HOK,SEK ,SEK,A,1,1,3,4H,30,1.582,1.4605
P,HOK,HOK ,SEK,A,1,1,3,5A,30,0.509,0.3875
AB,HOK,HOK ,SEK,A,1,1,3,5B,30,0.669,0.5475
P,SEK,HOK ,SEK,H,1,1,3,5C,30,0.48,0.3585
AB,SEK,HOK ,SEK,H,1,1,3,5D,30,0.532,0.4105
P,SEK,SEK ,SEK,H,1,1,3,5E,30,1.614,1.4925
AB,SEK,SEK ,SEK,H,1,1,3,5F,30,0.453,0.3315
P,HOK,SEK ,SEK,A,1,1,3,5G,30,0.678,0.5565
AB,HOK,SEK ,SEK,A,1,1,3,5H,30,0.674,0.5525
P,HOK,HOK ,HOK,H,1,5,3,6A,30,1.506,1.3845
AB,HOK,HOK ,HOK,H,1,5,3,6B,30,0.633,0.5115
P,SEK,HOK ,HOK,A,1,5,3,6C,30,0.525,0.4035
AB,SEK,HOK ,HOK,A,1,5,3,6D,30,0.913,0.7915
P,SEK,SEK ,HOK,A,1,5,3,6E,30,0.607,0.4855
AB,SEK,SEK ,HOK,A,1,5,3,6F,30,0.52,0.3985
P,HOK,SEK ,HOK,H,1,5,3,6G,30,0.869,0.7475
AB,HOK,SEK ,HOK,H,1,5,3,6H,30,0.445,0.3235
P,HOK,HOK ,HOK,H,1,5,3,7A,30,0.766,0.6445
AB,HOK,HOK ,HOK,H,1,5,3,7B,30,0.54,0.4185
P,SEK,HOK ,HOK,A,1,5,3,7C,30,0.329,0.2075
AB,SEK,HOK ,HOK,A,1,5,3,7D,30,0.416,0.2945
P,SEK,SEK ,HOK,A,1,5,3,7E,30,1.385,1.2635
AB,SEK,SEK ,HOK,A,1,5,3,7F,30,0.747,0.6255
P,HOK,SEK ,HOK,H,1,5,3,7G,30,0.343,0.2215
AB,HOK,SEK ,HOK,H,1,5,3,7H,30,0.402,0.2805
P,HOK,HOK ,HOK,H,1,5,3,8A,30,0.953,0.8315
AB,HOK,HOK ,HOK,H,1,5,3,8B,30,0.501,0.3795
P,SEK,HOK ,HOK,A,1,5,3,8C,30,1.349,1.2275
AB,SEK,HOK ,HOK,A,1,5,3,8D,30,0.432,0.3105
P,SEK,SEK ,HOK,A,1,5,3,8E,30,1.819,1.6975
AB,SEK,SEK ,HOK,A,1,5,3,8F,30,1.683,1.5615
P,HOK,SEK ,HOK,H,1,5,3,8G,30,0.973,0.8515
AB,HOK,SEK ,HOK,H,1,5,3,8H,30,0.593,0.4715
P,HOK,HOK ,HOK,H,1,4,3,9A,30,1.072,0.9505
AB,HOK,HOK ,HOK,H,1,4,3,9B,30,0.45,0.3285
P,SEK,HOK ,HOK,A,1,4,3,9C,30,1.543,1.4215
AB,SEK,HOK ,HOK,A,1,4,3,9D,30,1.742,1.6205
P,SEK,SEK ,HOK,A,1,4,3,9E,30,0.475,0.3535
AB,SEK,SEK ,HOK,A,1,4,3,9FR,30,1.487,1.3655
P,HOK,SEK ,HOK,H,1,4,3,9G,30,0.899,0.7775
AB,HOK,SEK ,HOK,H,1,4,3,9H,30,1.082,0.9605
P,HOK,HOK ,HOK,H,1,4,3,10A,30,0.544,0.4225
AB,HOK,HOK ,HOK,H,1,4,3,10B,30,1.982,1.8605
P,SEK,HOK ,HOK,A,1,4,3,10C,30,0.593,0.4715
AB,SEK,HOK ,HOK,A,1,4,3,10D,30,1.275,1.1535
P,SEK,SEK ,HOK,A,1,4,3,10E,30,0.592,0.4705
AB,SEK,SEK ,HOK,A,1,4,3,10F,30,1.107,0.9855
P,HOK,SEK ,HOK,H,1,4,3,10G,30,1.674,1.5525
AB,HOK,SEK ,HOK,H,1,4,3,10H,30,1.324,1.2025
P,HOK,HOK ,SEK,A,2,5,3,1A,120,0.775,0.67125
AB,HOK,HOK ,SEK,A,2,5,3,1B,120,0.403,0.29925
P,SEK,HOK ,SEK,H,2,5,3,1C,120,1.444,1.34025
AB,SEK,HOK ,SEK,H,2,5,3,1D,120,0.393,0.28925
P,SEK,SEK ,SEK,H,2,5,3,1E,120,0.774,0.67025
AB,SEK,SEK ,SEK,H,2,5,3,1F,120,1.183,1.07925
P,HOK,SEK ,SEK,A,2,5,3,1G,120,0.613,0.50925
AB,HOK,SEK ,SEK,A,2,5,3,1H,120,0.497,0.39325
P,HOK,HOK ,SEK,A,2,5,3,2A,120,0.438,0.33425
AB,HOK,HOK ,SEK,A,2,5,3,2B,120,0.495,0.39125
P,SEK,HOK ,SEK,H,2,5,3,2C,120,0.335,0.23125
AB,SEK,HOK ,SEK,H,2,5,3,2D,120,1.615,1.51125
P,SEK,SEK ,SEK,H,2,5,3,2E,120,0.355,0.25125
AB,SEK,SEK ,SEK,H,2,5,3,2F,120,0.67,0.56625
P,HOK,SEK ,SEK,A,2,5,3,2G,120,1.369,1.26525
AB,HOK,SEK ,SEK,A,2,5,3,2H,120,1.641,1.53725
P,HOK,HOK ,SEK,A,2,5,3,3A,120,0.306,0.20225
AB,HOK,HOK ,SEK,A,2,5,3,3B,120,0.422,0.31825
P,SEK,HOK ,SEK,H,2,5,3,3C,120,0.419,0.31525
AB,SEK,HOK ,SEK,H,2,5,3,3D,120,0.457,0.35325
P,SEK,SEK ,SEK,H,2,5,3,3E,120,1.194,1.09025
AB,SEK,SEK ,SEK,H,2,5,3,3F,120,1.65,1.54625
P,HOK,SEK ,SEK,A,2,5,3,3G,120,1.55,1.44625
AB,HOK,SEK ,SEK,A,2,5,3,3H,120,0.578,0.47425
P,HOK,HOK ,SEK,A,2,4,3,4A,120,0.381,0.27725
AB,HOK,HOK ,SEK,A,2,4,3,4B,120,0.423,0.31925
P,SEK,HOK ,SEK,H,2,4,3,4C,120,1.375,1.27125
AB,SEK,HOK ,SEK,H,2,4,3,4D,120,1.674,1.57025
P,SEK,SEK ,SEK,H,2,4,3,4E,120,1.468,1.36425
AB,SEK,SEK ,SEK,H,2,4,3,4F,120,0.436,0.33225
P,HOK,SEK ,SEK,A,2,4,3,4G,120,0.733,0.62925
AB,HOK,SEK ,SEK,A,2,4,3,4H,120,1.269,1.16525
P,HOK,HOK ,SEK,A,2,4,3,5A,120,0.613,0.50925
AB,HOK,HOK ,SEK,A,2,4,3,5B,120,1.549,1.44525
P,SEK,HOK ,SEK,H,2,4,3,5C,120,0.893,0.78925
AB,SEK,HOK ,SEK,H,2,4,3,5D,120,1.202,1.09825
P,SEK,SEK ,SEK,H,2,4,3,5E,120,1.715,1.61125
AB,SEK,SEK ,SEK,H,2,4,3,5F,120,1.409,1.30525
P,HOK,SEK ,SEK,A,2,4,3,5G,120,1.275,1.17125
AB,HOK,SEK ,SEK,A,2,4,3,5H,120,1.159,1.05525
P,HOK,HOK ,HOK,H,2,4,3,6A,120,1.067,0.96325
AB,HOK,HOK ,HOK,H,2,4,3,6B,120,0.502,0.39825
P,SEK,HOK ,HOK,A,2,4,3,6C,120,0.778,0.67425
AB,SEK,HOK ,HOK,A,2,4,3,6D,120,1.609,1.50525
P,SEK,SEK ,HOK,A,2,4,3,6E,120,0.715,0.61125
AB,SEK,SEK ,HOK,A,2,4,3,6F,120,1.425,1.32125
P,HOK,SEK ,HOK,H,2,4,3,6G,120,1.113,1.00925
AB,HOK,SEK ,HOK,H,2,4,3,6H,120,1.484,1.38025
P,HOK,HOK ,HOK,H,2,3,3,7A,120,0.409,0.30525
AB,HOK,HOK ,HOK,H,2,3,3,7B,120,0.637,0.53325
P,SEK,HOK ,HOK,A,2,3,3,7C,120,0.303,0.19925
AB,SEK,HOK ,HOK,A,2,3,3,7D,120,1.304,1.20025
P,SEK,SEK ,HOK,A,2,3,3,7E,120,0.333,0.22925
AB,SEK,SEK ,HOK,A,2,3,3,7F,120,1.493,1.38925
P,HOK,SEK ,HOK,H,2,3,3,7G,120,0.616,0.51225
AB,HOK,SEK ,HOK,H,2,3,3,7H,120,0.339,0.23525
P,HOK,HOK ,HOK,H,2,3,3,8A,120,0.615,0.51125
AB,HOK,HOK ,HOK,H,2,3,3,8B,120,0.351,0.24725
P,SEK,HOK ,HOK,A,2,3,3,8C,120,1.37,1.26625
AB,SEK,HOK ,HOK,A,2,3,3,8D,120,1.2,1.09625
P,SEK,SEK ,HOK,A,2,3,3,8E,120,0.428,0.32425
AB,SEK,SEK ,HOK,A,2,3,3,8F,120,0.376,0.27225
P,HOK,SEK ,HOK,H,2,3,3,8G,120,1.422,1.31825
AB,HOK,SEK ,HOK,H,2,3,3,8H,120,0.466,0.36225
P,HOK,HOK ,HOK,H,2,3,3,9A,120,0.413,0.30925
AB,HOK,HOK ,HOK,H,2,3,3,9B,120,0.411,0.30725
P,SEK,HOK ,HOK,A,2,3,3,9C,120,0.994,0.89025
AB,SEK,HOK ,HOK,A,2,3,3,9D,120,0.609,0.50525
P,SEK,SEK ,HOK,A,2,3,3,9E,120,1.519,1.41525
AB,SEK,SEK ,HOK,A,2,3,3,9F,120,0.982,0.87825
P,HOK,SEK ,HOK,H,2,3,3,9G,120,0.684,0.58025
AB,HOK,SEK ,HOK,H,2,3,3,9H,120,0.492,0.38825
P,HOK,HOK ,HOK,H,2,2,3,10A,120,1.075,0.97125
AB,HOK,HOK ,HOK,H,2,2,3,10B,120,0.61,0.50625
P,SEK,HOK ,HOK,A,2,2,3,10C,120,1.678,1.57425
AB,SEK,HOK ,HOK,A,2,2,3,10D,120,1.307,1.20325
P,SEK,SEK ,HOK,A,2,2,3,10E,120,1.25,1.14625
AB,SEK,SEK ,HOK,A,2,2,3,10F,120,1.647,1.54325
P,HOK,SEK ,HOK,H,2,2,3,10G,120,1.309,1.20525
AB,HOK,SEK ,HOK,H,2,2,3,10H,120,1.849,1.74525
P,HOK,HOK ,SEK,A,1,5,3,1A,120,0.363,0.24275
AB,HOK,HOK ,SEK,A,1,5,3,1B,120,0.477,0.35675
P,SEK,HOK ,SEK,H,1,5,3,1C,120,0.332,0.21175
AB,SEK,HOK ,SEK,H,1,5,3,1D,120,0.404,0.28375
P,SEK,SEK ,SEK,H,1,5,3,1E,120,1.809,1.68875
AB,SEK,SEK ,SEK,H,1,5,3,1F,120,0.354,0.23375
P,HOK,SEK ,SEK,A,1,5,3,1G,120,0.827,0.70675
AB,HOK,SEK ,SEK,A,1,5,3,1H,120,0.746,0.62575
P,HOK,HOK ,SEK,A,1,5,3,2A,120,1.583,1.46275
AB,HOK,HOK ,SEK,A,1,1,3,2B,120,0.566,0.44575
P,SEK,HOK ,SEK,H,1,1,3,2C,120,1.874,1.75375
AB,SEK,HOK ,SEK,H,1,1,3,2D,120,0.365,0.24475
P,SEK,SEK ,SEK,H,1,1,3,2E,120,0.51,0.38975
AB,SEK,SEK ,SEK,H,1,1,3,2F,120,0.959,0.83875
P,HOK,SEK ,SEK,A,1,1,3,2G,120,1.713,1.59275
AB,HOK,SEK ,SEK,A,1,1,3,2H,120,2.532,2.41175
P,HOK,HOK ,SEK,A,1,1,3,3A,120,0.483,0.36275
AB,HOK,HOK ,SEK,A,1,1,3,3B,120,0.46,0.33975
P,SEK,HOK ,SEK,H,1,1,3,3C,120,1.344,1.22375
AB,SEK,HOK ,SEK,H,1,1,3,3D,120,0.254,0.13375
P,SEK,SEK ,SEK,H,1,1,3,3E,120,0.844,0.72375
AB,SEK,SEK ,SEK,H,1,1,3,3F,120,0.589,0.46875
P,HOK,SEK ,SEK,A,1,1,3,3G,120,0.603,0.48275
AB,HOK,SEK ,SEK,A,1,1,3,3H,120,1.861,1.74075
P,HOK,HOK ,SEK,A,1,1,3,4A,120,0.638,0.51775
AB,HOK,HOK ,SEK,A,1,1,3,4B,120,0.518,0.39775
P,SEK,HOK ,SEK,H,1,1,3,4C,120,0.639,0.51875
AB,SEK,HOK ,SEK,H,1,1,3,4D,120,0.418,0.29775
P,SEK,SEK ,SEK,H,1,1,3,4E,120,0.892,0.77175
AB,SEK,SEK ,SEK,H,1,1,3,4F,120,0.987,0.86675
P,HOK,SEK ,SEK,A,1,1,3,4G,120,2.065,1.94475
AB,HOK,SEK ,SEK,A,1,1,3,4H,120,1.662,1.54175
P,HOK,HOK ,SEK,A,1,1,3,5A,120,0.475,0.35475
AB,HOK,HOK ,SEK,A,1,1,3,5B,120,0.65,0.52975
P,SEK,HOK ,SEK,H,1,1,3,5C,120,0.46,0.33975
AB,SEK,HOK ,SEK,H,1,1,3,5D,120,0.514,0.39375
P,SEK,SEK ,SEK,H,1,1,3,5E,120,1.697,1.57675
AB,SEK,SEK ,SEK,H,1,1,3,5F,120,0.316,0.19575
P,HOK,SEK ,SEK,A,1,1,3,5G,120,0.64,0.51975
AB,HOK,SEK ,SEK,A,1,1,3,5H,120,0.46,0.33975
P,HOK,HOK ,HOK,H,1,5,3,6A,120,0.735,0.61475
AB,HOK,HOK ,HOK,H,1,5,3,6B,120,0.639,0.51875
P,SEK,HOK ,HOK,A,1,5,3,6C,120,0.482,0.36175
AB,SEK,HOK ,HOK,A,1,5,3,6D,120,0.41,0.28975
P,SEK,SEK ,HOK,A,1,5,3,6E,120,0.487,0.36675
AB,SEK,SEK ,HOK,A,1,5,3,6F,120,0.528,0.40775
P,HOK,SEK ,HOK,H,1,5,3,6G,120,0.794,0.67375
AB,HOK,SEK ,HOK,H,1,5,3,6H,120,0.471,0.35075
P,HOK,HOK ,HOK,H,1,5,3,7A,120,0.471,0.35075
AB,HOK,HOK ,HOK,H,1,5,3,7B,120,0.522,0.40175
P,SEK,HOK ,HOK,A,1,5,3,7C,120,0.264,0.14375
AB,SEK,HOK ,HOK,A,1,5,3,7D,120,0.353,0.23275
P,SEK,SEK ,HOK,A,1,5,3,7E,120,0.356,0.23575
AB,SEK,SEK ,HOK,A,1,5,3,7F,120,0.481,0.36075
P,HOK,SEK ,HOK,H,1,5,3,7G,120,0.358,0.23775
AB,HOK,SEK ,HOK,H,1,5,3,7H,120,0.495,0.37475
P,HOK,HOK ,HOK,H,1,5,3,8A,120,0.939,0.81875
AB,HOK,HOK ,HOK,H,1,5,3,8B,120,0.555,0.43475
P,SEK,HOK ,HOK,A,1,5,3,8C,120,0.869,0.74875
AB,SEK,HOK ,HOK,A,1,5,3,8D,120,0.381,0.26075
P,SEK,SEK ,HOK,A,1,5,3,8E,120,1.8,1.67975
AB,SEK,SEK ,HOK,A,1,5,3,8F,120,1.56,1.43975
P,HOK,SEK ,HOK,H,1,5,3,8G,120,1.591,1.47075
AB,HOK,SEK ,HOK,H,1,5,3,8H,120,0.62,0.49975
P,HOK,HOK ,HOK,H,1,4,3,9A,120,0.803,0.68275
AB,HOK,HOK ,HOK,H,1,4,3,9B,120,0.444,0.32375
P,SEK,HOK ,HOK,A,1,4,3,9C,120,1.558,1.43775
AB,SEK,HOK ,HOK,A,1,4,3,9D,120,1.7,1.57975
P,SEK,SEK ,HOK,A,1,4,3,9E,120,0.457,0.33675
AB,SEK,SEK ,HOK,A,1,4,3,9FR,120,1.668,1.54775
P,HOK,SEK ,HOK,H,1,4,3,9G,120,1.057,0.93675
AB,HOK,SEK ,HOK,H,1,4,3,9H,120,0.633,0.51275
P,HOK,HOK ,HOK,H,1,4,3,10A,120,0.585,0.46475
AB,HOK,HOK ,HOK,H,1,4,3,10B,120,0.795,0.67475
P,SEK,HOK ,HOK,A,1,4,3,10C,120,0.568,0.44775
AB,SEK,HOK ,HOK,A,1,4,3,10D,120,1.574,1.45375
P,SEK,SEK ,HOK,A,1,4,3,10E,120,0.822,0.70175
AB,SEK,SEK ,HOK,A,1,4,3,10F,120,1.394,1.27375
P,HOK,SEK ,HOK,H,1,4,3,10G,120,1.822,1.70175
AB,HOK,SEK ,HOK,H,1,4,3,10H,120,1.267,1.14675
P,HOK,HOK ,SEK,A,2,5,3,1A,960,0.892,0.78775
AB,HOK,HOK ,SEK,A,2,5,3,1B,960,0.45,0.34575
P,SEK,HOK ,SEK,H,2,5,3,1C,960,0.993,0.88875
AB,SEK,HOK ,SEK,H,2,5,3,1D,960,0.433,0.32875
P,SEK,SEK ,SEK,H,2,5,3,1E,960,1.035,0.93075
AB,SEK,SEK ,SEK,H,2,5,3,1F,960,1.262,1.15775
P,HOK,SEK ,SEK,A,2,5,3,1G,960,0.743,0.63875
AB,HOK,SEK ,SEK,A,2,5,3,1H,960,0.392,0.28775
P,HOK,HOK ,SEK,A,2,5,3,2A,960,0.552,0.44775
AB,HOK,HOK ,SEK,A,2,5,3,2B,960,0.593,0.48875
P,SEK,HOK ,SEK,H,2,5,3,2C,960,0.393,0.28875
AB,SEK,HOK ,SEK,H,2,5,3,2D,960,1.658,1.55375
P,SEK,SEK ,SEK,H,2,5,3,2E,960,0.344,0.23975
AB,SEK,SEK ,SEK,H,2,5,3,2F,960,0.7,0.59575
P,HOK,SEK ,SEK,A,2,5,3,2G,960,0.804,0.69975
AB,HOK,SEK ,SEK,A,2,5,3,2H,960,1.767,1.66275
P,HOK,HOK ,SEK,A,2,5,3,3A,960,0.298,0.19375
AB,HOK,HOK ,SEK,A,2,5,3,3B,960,0.507,0.40275
P,SEK,HOK ,SEK,H,2,5,3,3C,960,0.476,0.37175
AB,SEK,HOK ,SEK,H,2,5,3,3D,960,0.656,0.55175
P,SEK,SEK ,SEK,H,2,5,3,3E,960,0.536,0.43175
AB,SEK,SEK ,SEK,H,2,5,3,3F,960,1.352,1.24775
P,HOK,SEK ,SEK,A,2,5,3,3G,960,1.959,1.85475
AB,HOK,SEK ,SEK,A,2,5,3,3H,960,0.492,0.38775
P,HOK,HOK ,SEK,A,2,4,3,4A,960,0.427,0.32275
AB,HOK,HOK ,SEK,A,2,4,3,4B,960,0.471,0.36675
P,SEK,HOK ,SEK,H,2,4,3,4C,960,0.508,0.40375
AB,SEK,HOK ,SEK,H,2,4,3,4D,960,1.115,1.01075
P,SEK,SEK ,SEK,H,2,4,3,4E,960,1.684,1.57975
AB,SEK,SEK ,SEK,H,2,4,3,4F,960,0.501,0.39675
P,HOK,SEK ,SEK,A,2,4,3,4G,960,0.941,0.83675
AB,HOK,SEK ,SEK,A,2,4,3,4H,960,0.462,0.35775
P,HOK,HOK ,SEK,A,2,4,3,5A,960,0.757,0.65275
AB,HOK,HOK ,SEK,A,2,4,3,5B,960,1.632,1.52775
P,SEK,HOK ,SEK,H,2,4,3,5C,960,1.089,0.98475
AB,SEK,HOK ,SEK,H,2,4,3,5D,960,0.866,0.76175
P,SEK,SEK ,SEK,H,2,4,3,5E,960,1.936,1.83175
AB,SEK,SEK ,SEK,H,2,4,3,5F,960,1.383,1.27875
P,HOK,SEK ,SEK,A,2,4,3,5G,960,1.146,1.04175
AB,HOK,SEK ,SEK,A,2,4,3,5H,960,1.529,1.42475
P,HOK,HOK ,HOK,H,2,4,3,6A,960,1.286,1.18175
AB,HOK,HOK ,HOK,H,2,4,3,6B,960,0.506,0.40175
P,SEK,HOK ,HOK,A,2,4,3,6C,960,0.595,0.49075
AB,SEK,HOK ,HOK,A,2,4,3,6D,960,1.866,1.76175
P,SEK,SEK ,HOK,A,2,4,3,6E,960,0.844,0.73975
AB,SEK,SEK ,HOK,A,2,4,3,6F,960,1.573,1.46875
P,HOK,SEK ,HOK,H,2,4,3,6G,960,1.469,1.36475
AB,HOK,SEK ,HOK,H,2,4,3,6H,960,0.795,0.69075
P,HOK,HOK ,HOK,H,2,3,3,7A,960,0.496,0.39175
AB,HOK,HOK ,HOK,H,2,3,3,7B,960,0.693,0.58875
P,SEK,HOK ,HOK,A,2,3,3,7C,960,0.365,0.26075
AB,SEK,HOK ,HOK,A,2,3,3,7D,960,1.124,1.01975
P,SEK,SEK ,HOK,A,2,3,3,7E,960,0.357,0.25275
AB,SEK,SEK ,HOK,A,2,3,3,7F,960,0.863,0.75875
P,HOK,SEK ,HOK,H,2,3,3,7G,960,0.726,0.62175
AB,HOK,SEK ,HOK,H,2,3,3,7H,960,0.392,0.28775
P,HOK,HOK ,HOK,H,2,3,3,8A,960,0.8,0.69575
AB,HOK,HOK ,HOK,H,2,3,3,8B,960,0.275,0.17075
P,SEK,HOK ,HOK,A,2,3,3,8C,960,1.493,1.38875
AB,SEK,HOK ,HOK,A,2,3,3,8D,960,0.98,0.87575
P,SEK,SEK ,HOK,A,2,3,3,8E,960,0.503,0.39875
AB,SEK,SEK ,HOK,A,2,3,3,8F,960,0.37,0.26575
P,HOK,SEK ,HOK,H,2,3,3,8G,960,1.543,1.43875
AB,HOK,SEK ,HOK,H,2,3,3,8H,960,0.683,0.57875
P,HOK,HOK ,HOK,H,2,3,3,9A,960,0.483,0.37875
AB,HOK,HOK ,HOK,H,2,3,3,9B,960,0.479,0.37475
P,SEK,HOK ,HOK,A,2,3,3,9C,960,0.858,0.75375
AB,SEK,HOK ,HOK,A,2,3,3,9D,960,0.671,0.56675
P,SEK,SEK ,HOK,A,2,3,3,9E,960,1.504,1.39975
AB,SEK,SEK ,HOK,A,2,3,3,9F,960,0.726,0.62175
P,HOK,SEK ,HOK,H,2,3,3,9G,960,0.855,0.75075
AB,HOK,SEK ,HOK,H,2,3,3,9H,960,0.687,0.58275
P,HOK,HOK ,HOK,H,2,2,3,10A,960,1.071,0.96675
AB,HOK,HOK ,HOK,H,2,2,3,10B,960,0.83,0.72575
P,SEK,HOK ,HOK,A,2,2,3,10C,960,1.533,1.42875
AB,SEK,HOK ,HOK,A,2,2,3,10D,960,0.603,0.49875
P,SEK,SEK ,HOK,A,2,2,3,10E,960,0.653,0.54875
AB,SEK,SEK ,HOK,A,2,2,3,10F,960,1.796,1.69175
P,HOK,SEK ,HOK,H,2,2,3,10G,960,1.382,1.27775
AB,HOK,SEK ,HOK,H,2,2,3,10H,960,1.108,1.00375
P,HOK,HOK ,SEK,A,1,5,3,1A,960,0.453,0.332
AB,HOK,HOK ,SEK,A,1,5,3,1B,960,0.51,0.389
P,SEK,HOK ,SEK,H,1,5,3,1C,960,0.429,0.308
AB,SEK,HOK ,SEK,H,1,5,3,1D,960,0.519,0.398
P,SEK,SEK ,SEK,H,1,5,3,1E,960,1.463,1.342
AB,SEK,SEK ,SEK,H,1,5,3,1F,960,0.354,0.233
P,HOK,SEK ,SEK,A,1,5,3,1G,960,1.516,1.395
AB,HOK,SEK ,SEK,A,1,5,3,1H,960,0.745,0.624
P,HOK,HOK ,SEK,A,1,5,3,2A,960,1.504,1.383
AB,HOK,HOK ,SEK,A,1,1,3,2B,960,0.874,0.753
P,SEK,HOK ,SEK,H,1,1,3,2C,960,1.659,1.538
AB,SEK,HOK ,SEK,H,1,1,3,2D,960,0.464,0.343
P,SEK,SEK ,SEK,H,1,1,3,2E,960,0.612,0.491
AB,SEK,SEK ,SEK,H,1,1,3,2F,960,1.106,0.985
P,HOK,SEK ,SEK,A,1,1,3,2G,960,1.411,1.29
AB,HOK,SEK ,SEK,A,1,1,3,2H,960,1.115,0.994
P,HOK,HOK ,SEK,A,1,1,3,3A,960,0.802,0.681
AB,HOK,HOK ,SEK,A,1,1,3,3B,960,0.561,0.44
P,SEK,HOK ,SEK,H,1,1,3,3C,960,1.653,1.532
AB,SEK,HOK ,SEK,H,1,1,3,3D,960,0.289,0.168
P,SEK,SEK ,SEK,H,1,1,3,3E,960,0.908,0.787
AB,SEK,SEK ,SEK,H,1,1,3,3F,960,0.457,0.336
P,HOK,SEK ,SEK,A,1,1,3,3G,960,0.893,0.772
AB,HOK,SEK ,SEK,A,1,1,3,3H,960,0.59,0.469
P,HOK,HOK ,SEK,A,1,1,3,4A,960,0.806,0.685
AB,HOK,HOK ,SEK,A,1,1,3,4B,960,0.851,0.73
P,SEK,HOK ,SEK,H,1,1,3,4C,960,0.631,0.51
AB,SEK,HOK ,SEK,H,1,1,3,4D,960,0.48,0.359
P,SEK,SEK ,SEK,H,1,1,3,4E,960,0.883,0.762
AB,SEK,SEK ,SEK,H,1,1,3,4F,960,0.93,0.809
P,HOK,SEK ,SEK,A,1,1,3,4G,960,1.957,1.836
AB,HOK,SEK ,SEK,A,1,1,3,4H,960,1.239,1.118
P,HOK,HOK ,SEK,A,1,1,3,5A,960,0.699,0.578
AB,HOK,HOK ,SEK,A,1,1,3,5B,960,0.726,0.605
P,SEK,HOK ,SEK,H,1,1,3,5C,960,0.615,0.494
AB,SEK,HOK ,SEK,H,1,1,3,5D,960,0.587,0.466
P,SEK,SEK ,SEK,H,1,1,3,5E,960,1.674,1.553
AB,SEK,SEK ,SEK,H,1,1,3,5F,960,0.439,0.318
P,HOK,SEK ,SEK,A,1,1,3,5G,960,0.706,0.585
AB,HOK,SEK ,SEK,A,1,1,3,5H,960,0.534,0.413
P,HOK,HOK ,HOK,H,1,5,3,6A,960,0.672,0.551
AB,HOK,HOK ,HOK,H,1,5,3,6B,960,1.258,1.137
P,SEK,HOK ,HOK,A,1,5,3,6C,960,0.492,0.371
AB,SEK,HOK ,HOK,A,1,5,3,6D,960,0.378,0.257
P,SEK,SEK ,HOK,A,1,5,3,6E,960,0.536,0.415
AB,SEK,SEK ,HOK,A,1,5,3,6F,960,0.48,0.359
P,HOK,SEK ,HOK,H,1,5,3,6G,960,0.973,0.852
AB,HOK,SEK ,HOK,H,1,5,3,6H,960,0.47,0.349
P,HOK,HOK ,HOK,H,1,5,3,7A,960,0.581,0.46
AB,HOK,HOK ,HOK,H,1,5,3,7B,960,0.536,0.415
P,SEK,HOK ,HOK,A,1,5,3,7C,960,0.235,0.114
AB,SEK,HOK ,HOK,A,1,5,3,7D,960,0.426,0.305
P,SEK,SEK ,HOK,A,1,5,3,7E,960,0.438,0.317
AB,SEK,SEK ,HOK,A,1,5,3,7F,960,1.161,1.04
P,HOK,SEK ,HOK,H,1,5,3,7G,960,0.449,0.328
AB,HOK,SEK ,HOK,H,1,5,3,7H,960,0.618,0.497
P,HOK,HOK ,HOK,H,1,5,3,8A,960,0.9,0.779
AB,HOK,HOK ,HOK,H,1,5,3,8B,960,0.499,0.378
P,SEK,HOK ,HOK,A,1,5,3,8C,960,0.974,0.853
AB,SEK,HOK ,HOK,A,1,5,3,8D,960,0.513,0.392
P,SEK,SEK ,HOK,A,1,5,3,8E,960,1.113,0.992
AB,SEK,SEK ,HOK,A,1,5,3,8F,960,1.592,1.471
P,HOK,SEK ,HOK,H,1,5,3,8G,960,0.997,0.876
AB,HOK,SEK ,HOK,H,1,5,3,8H,960,0.575,0.454
P,HOK,HOK ,HOK,H,1,4,3,9A,960,1.304,1.183
AB,HOK,HOK ,HOK,H,1,4,3,9B,960,0.516,0.395
P,SEK,HOK ,HOK,A,1,4,3,9C,960,1.639,1.518
AB,SEK,HOK ,HOK,A,1,4,3,9D,960,1.533,1.412
P,SEK,SEK ,HOK,A,1,4,3,9E,960,0.498,0.377
AB,SEK,SEK ,HOK,A,1,4,3,9FR,960,1.067,0.946
P,HOK,SEK ,HOK,H,1,4,3,9G,960,1.464,1.343
AB,HOK,SEK ,HOK,H,1,4,3,9H,960,0.422,0.301
P,HOK,HOK ,HOK,H,1,4,3,10A,960,0.939,0.818
AB,HOK,HOK ,HOK,H,1,4,3,10B,960,0.835,0.714
P,SEK,HOK ,HOK,A,1,4,3,10C,960,0.806,0.685
AB,SEK,HOK ,HOK,A,1,4,3,10D,960,1.571,1.45
P,SEK,SEK ,HOK,A,1,4,3,10E,960,0.929,0.808
AB,SEK,SEK ,HOK,A,1,4,3,10F,960,1.619,1.498
P,HOK,SEK ,HOK,H,1,4,3,10G,960,1.164,1.043
AB,HOK,SEK ,HOK,H,1,4,3,10H,960,1.276,1.155
P,HOK,HOK ,SEK,A,2,5,3,1A,1440,0.886,0.77725
AB,HOK,HOK ,SEK,A,2,5,3,1B,1440,0.447,0.33825
P,SEK,HOK ,SEK,H,2,5,3,1C,1440,1.464,1.35525
AB,SEK,HOK ,SEK,H,2,5,3,1D,1440,0.434,0.32525
P,SEK,SEK ,SEK,H,2,5,3,1E,1440,0.853,0.74425
AB,SEK,SEK ,SEK,H,2,5,3,1F,1440,1.019,0.91025
P,HOK,SEK ,SEK,A,2,5,3,1G,1440,0.672,0.56325
AB,HOK,SEK ,SEK,A,2,5,3,1H,1440,0.47,0.36125
P,HOK,HOK ,SEK,A,2,5,3,2A,1440,0.571,0.46225
AB,HOK,HOK ,SEK,A,2,5,3,2B,1440,0.633,0.52425
P,SEK,HOK ,SEK,H,2,5,3,2C,1440,0.401,0.29225
AB,SEK,HOK ,SEK,H,2,5,3,2D,1440,1.629,1.52025
P,SEK,SEK ,SEK,H,2,5,3,2E,1440,0.346,0.23725
AB,SEK,SEK ,SEK,H,2,5,3,2F,1440,0.775,0.66625
P,HOK,SEK ,SEK,A,2,5,3,2G,1440,1.353,1.24425
AB,HOK,SEK ,SEK,A,2,5,3,2H,1440,1.843,1.73425
P,HOK,HOK ,SEK,A,2,5,3,3A,1440,0.32,0.21125
AB,HOK,HOK ,SEK,A,2,5,3,3B,1440,0.49,0.38125
P,SEK,HOK ,SEK,H,2,5,3,3C,1440,0.503,0.39425
AB,SEK,HOK ,SEK,H,2,5,3,3D,1440,0.711,0.60225
P,SEK,SEK ,SEK,H,2,5,3,3E,1440,1.479,1.37025
AB,SEK,SEK ,SEK,H,2,5,3,3F,1440,1.348,1.23925
P,HOK,SEK ,SEK,A,2,5,3,3G,1440,2.041,1.93225
AB,HOK,SEK ,SEK,A,2,5,3,3H,1440,0.646,0.53725
P,HOK,HOK ,SEK,A,2,4,3,4A,1440,0.443,0.33425
AB,HOK,HOK ,SEK,A,2,4,3,4B,1440,0.447,0.33825
P,SEK,HOK ,SEK,H,2,4,3,4C,1440,0.518,0.40925
AB,SEK,HOK ,SEK,H,2,4,3,4D,1440,1.449,1.34025
P,SEK,SEK ,SEK,H,2,4,3,4E,1440,1.879,1.77025
AB,SEK,SEK ,SEK,H,2,4,3,4F,1440,0.538,0.42925
P,HOK,SEK ,SEK,A,2,4,3,4G,1440,1.124,1.01525
AB,HOK,SEK ,SEK,A,2,4,3,4H,1440,0.521,0.41225
P,HOK,HOK ,SEK,A,2,4,3,5A,1440,0.773,0.66425
AB,HOK,HOK ,SEK,A,2,4,3,5B,1440,1.69,1.58125
P,SEK,HOK ,SEK,H,2,4,3,5C,1440,1.086,0.97725
AB,SEK,HOK ,SEK,H,2,4,3,5D,1440,1.169,1.06025
P,SEK,SEK ,SEK,H,2,4,3,5E,1440,2.139,2.03025
AB,SEK,SEK ,SEK,H,2,4,3,5F,1440,1.366,1.25725
P,HOK,SEK ,SEK,A,2,4,3,5G,1440,1.331,1.22225
AB,HOK,SEK ,SEK,A,2,4,3,5H,1440,1.786,1.67725
P,HOK,HOK ,HOK,H,2,4,3,6A,1440,1.279,1.17025
AB,HOK,HOK ,HOK,H,2,4,3,6B,1440,0.564,0.45525
P,SEK,HOK ,HOK,A,2,4,3,6C,1440,0.694,0.58525
AB,SEK,HOK ,HOK,A,2,4,3,6D,1440,1.975,1.86625
P,SEK,SEK ,HOK,A,2,4,3,6E,1440,0.868,0.75925
AB,SEK,SEK ,HOK,A,2,4,3,6F,1440,1.423,1.31425
P,HOK,SEK ,HOK,H,2,4,3,6G,1440,1.463,1.35425
AB,HOK,SEK ,HOK,H,2,4,3,6H,1440,1.568,1.45925
P,HOK,HOK ,HOK,H,2,3,3,7A,1440,0.523,0.41425
AB,HOK,HOK ,HOK,H,2,3,3,7B,1440,0.918,0.80925
P,SEK,HOK ,HOK,A,2,3,3,7C,1440,0.327,0.21825
AB,SEK,HOK ,HOK,A,2,3,3,7D,1440,0.912,0.80325
P,SEK,SEK ,HOK,A,2,3,3,7E,1440,0.398,0.28925
AB,SEK,SEK ,HOK,A,2,3,3,7F,1440,0.976,0.86725
P,HOK,SEK ,HOK,H,2,3,3,7G,1440,0.752,0.64325
AB,HOK,SEK ,HOK,H,2,3,3,7H,1440,0.421,0.31225
P,HOK,HOK ,HOK,H,2,3,3,8A,1440,0.775,0.66625
AB,HOK,HOK ,HOK,H,2,3,3,8B,1440,0.302,0.19325
P,SEK,HOK ,HOK,A,2,3,3,8C,1440,1.518,1.40925
AB,SEK,HOK ,HOK,A,2,3,3,8D,1440,0.926,0.81725
P,SEK,SEK ,HOK,A,2,3,3,8E,1440,0.536,0.42725
AB,SEK,SEK ,HOK,A,2,3,3,8F,1440,0.402,0.29325
P,HOK,SEK ,HOK,H,2,3,3,8G,1440,1.221,1.11225
AB,HOK,SEK ,HOK,H,2,3,3,8H,1440,0.717,0.60825
P,HOK,HOK ,HOK,H,2,3,3,9A,1440,0.497,0.38825
AB,HOK,HOK ,HOK,H,2,3,3,9B,1440,0.498,0.38925
P,SEK,HOK ,HOK,A,2,3,3,9C,1440,0.895,0.78625
AB,SEK,HOK ,HOK,A,2,3,3,9D,1440,0.904,0.79525
P,SEK,SEK ,HOK,A,2,3,3,9E,1440,1.511,1.40225
AB,SEK,SEK ,HOK,A,2,3,3,9F,1440,1.014,0.90525
P,HOK,SEK ,HOK,H,2,3,3,9G,1440,1.307,1.19825
AB,HOK,SEK ,HOK,H,2,3,3,9H,1440,0.635,0.52625
P,HOK,HOK ,HOK,H,2,2,3,10A,1440,1.497,1.38825
AB,HOK,HOK ,HOK,H,2,2,3,10B,1440,0.872,0.76325
P,SEK,HOK ,HOK,A,2,2,3,10C,1440,1.824,1.71525
AB,SEK,HOK ,HOK,A,2,2,3,10D,1440,0.618,0.50925
P,SEK,SEK ,HOK,A,2,2,3,10E,1440,0.69,0.58125
AB,SEK,SEK ,HOK,A,2,2,3,10F,1440,1.635,1.52625
P,HOK,SEK ,HOK,H,2,2,3,10G,1440,1.551,1.44225
AB,HOK,SEK ,HOK,H,2,2,3,10H,1440,1.048,0.93925
P,HOK,HOK ,SEK,A,1,5,3,1A,1440,0.514,0.38075
AB,HOK,HOK ,SEK,A,1,5,3,1B,1440,0.572,0.43875
P,SEK,HOK ,SEK,H,1,5,3,1C,1440,0.444,0.31075
AB,SEK,HOK ,SEK,H,1,5,3,1D,1440,0.6,0.46675
P,SEK,SEK ,SEK,H,1,5,3,1E,1440,1.371,1.23775
AB,SEK,SEK ,SEK,H,1,5,3,1F,1440,0.374,0.24075
P,HOK,SEK ,SEK,A,1,5,3,1G,1440,1.089,0.95575
AB,HOK,SEK ,SEK,A,1,5,3,1H,1440,0.587,0.45375
P,HOK,HOK ,SEK,A,1,5,3,2A,1440,1.666,1.53275
AB,HOK,HOK ,SEK,A,1,1,3,2B,1440,0.714,0.58075
P,SEK,HOK ,SEK,H,1,1,3,2C,1440,1.869,1.73575
AB,SEK,HOK ,SEK,H,1,1,3,2D,1440,0.49,0.35675
P,SEK,SEK ,SEK,H,1,1,3,2E,1440,0.629,0.49575
AB,SEK,SEK ,SEK,H,1,1,3,2F,1440,1.287,1.15375
P,HOK,SEK ,SEK,A,1,1,3,2G,1440,1.431,1.29775
AB,HOK,SEK ,SEK,A,1,1,3,2H,1440,0.928,0.79475
P,HOK,HOK ,SEK,A,1,1,3,3A,1440,0.727,0.59375
AB,HOK,HOK ,SEK,A,1,1,3,3B,1440,0.578,0.44475
P,SEK,HOK ,SEK,H,1,1,3,3C,1440,1.707,1.57375
AB,SEK,HOK ,SEK,H,1,1,3,3D,1440,0.298,0.16475
P,SEK,SEK ,SEK,H,1,1,3,3E,1440,0.836,0.70275
AB,SEK,SEK ,SEK,H,1,1,3,3F,1440,0.522,0.38875
P,HOK,SEK ,SEK,A,1,1,3,3G,1440,0.92,0.78675
AB,HOK,SEK ,SEK,A,1,1,3,3H,1440,0.604,0.47075
P,HOK,HOK ,SEK,A,1,1,3,4A,1440,0.841,0.70775
AB,HOK,HOK ,SEK,A,1,1,3,4B,1440,0.707,0.57375
P,SEK,HOK ,SEK,H,1,1,3,4C,1440,0.665,0.53175
AB,SEK,HOK ,SEK,H,1,1,3,4D,1440,0.474,0.34075
P,SEK,SEK ,SEK,H,1,1,3,4E,1440,0.996,0.86275
AB,SEK,SEK ,SEK,H,1,1,3,4F,1440,1.008,0.87475
P,HOK,SEK ,SEK,A,1,1,3,4G,1440,2.088,1.95475
AB,HOK,SEK ,SEK,A,1,1,3,4H,1440,1.37,1.23675
P,HOK,HOK ,SEK,A,1,1,3,5A,1440,0.649,0.51575
AB,HOK,HOK ,SEK,A,1,1,3,5B,1440,0.721,0.58775
P,SEK,HOK ,SEK,H,1,1,3,5C,1440,0.75,0.61675
AB,SEK,HOK ,SEK,H,1,1,3,5D,1440,0.584,0.45075
P,SEK,SEK ,SEK,H,1,1,3,5E,1440,1.663,1.52975
AB,SEK,SEK ,SEK,H,1,1,3,5F,1440,0.393,0.25975
P,HOK,SEK ,SEK,A,1,1,3,5G,1440,0.726,0.59275
AB,HOK,SEK ,SEK,A,1,1,3,5H,1440,0.551,0.41775
P,HOK,HOK ,HOK,H,1,5,3,6A,1440,0.861,0.72775
AB,HOK,HOK ,HOK,H,1,5,3,6B,1440,1.103,0.96975
P,SEK,HOK ,HOK,A,1,5,3,6C,1440,0.537,0.40375
AB,SEK,HOK ,HOK,A,1,5,3,6D,1440,0.43,0.29675
P,SEK,SEK ,HOK,A,1,5,3,6E,1440,0.531,0.39775
AB,SEK,SEK ,HOK,A,1,5,3,6F,1440,0.454,0.32075
P,HOK,SEK ,HOK,H,1,5,3,6G,1440,0.971,0.83775
AB,HOK,SEK ,HOK,H,1,5,3,6H,1440,0.437,0.30375
P,HOK,HOK ,HOK,H,1,5,3,7A,1440,0.585,0.45175
AB,HOK,HOK ,HOK,H,1,5,3,7B,1440,0.522,0.38875
P,SEK,HOK ,HOK,A,1,5,3,7C,1440,0.22,0.08675
AB,SEK,HOK ,HOK,A,1,5,3,7D,1440,0.427,0.29375
P,SEK,SEK ,HOK,A,1,5,3,7E,1440,0.45,0.31675
AB,SEK,SEK ,HOK,A,1,5,3,7F,1440,1.188,1.05475
P,HOK,SEK ,HOK,H,1,5,3,7G,1440,0.462,0.32875
AB,HOK,SEK ,HOK,H,1,5,3,7H,1440,0.642,0.50875
P,HOK,HOK ,HOK,H,1,5,3,8A,1440,1.469,1.33575
AB,HOK,HOK ,HOK,H,1,5,3,8B,1440,0.487,0.35375
P,SEK,HOK ,HOK,A,1,5,3,8C,1440,0.949,0.81575
AB,SEK,HOK ,HOK,A,1,5,3,8D,1440,0.548,0.41475
P,SEK,SEK ,HOK,A,1,5,3,8E,1440,1.181,1.04775
AB,SEK,SEK ,HOK,A,1,5,3,8F,1440,1.54,1.40675
P,HOK,SEK ,HOK,H,1,5,3,8G,1440,1.242,1.10875
AB,HOK,SEK ,HOK,H,1,5,3,8H,1440,0.605,0.47175
P,HOK,HOK ,HOK,H,1,4,3,9A,1440,1.207,1.07375
AB,HOK,HOK ,HOK,H,1,4,3,9B,1440,0.518,0.38475
P,SEK,HOK ,HOK,A,1,4,3,9C,1440,1.643,1.50975
AB,SEK,HOK ,HOK,A,1,4,3,9D,1440,1.692,1.55875
P,SEK,SEK ,HOK,A,1,4,3,9E,1440,0.506,0.37275
AB,SEK,SEK ,HOK,A,1,4,3,9FR,1440,1.29,1.15675
P,HOK,SEK ,HOK,H,1,4,3,9G,1440,1.216,1.08275
AB,HOK,SEK ,HOK,H,1,4,3,9H,1440,0.728,0.59475
P,HOK,HOK ,HOK,H,1,4,3,10A,1440,0.96,0.82675
AB,HOK,HOK ,HOK,H,1,4,3,10B,1440,0.829,0.69575
P,SEK,HOK ,HOK,A,1,4,3,10C,1440,0.828,0.69475
AB,SEK,HOK ,HOK,A,1,4,3,10D,1440,1.224,1.09075
P,SEK,SEK ,HOK,A,1,4,3,10E,1440,0.802,0.66875
AB,SEK,SEK ,HOK,A,1,4,3,10F,1440,1.637,1.50375
P,HOK,SEK ,HOK,H,1,4,3,10G,1440,1.441,1.30775
AB,HOK,SEK ,HOK,H,1,4,3,10H,1440,1.339,1.20575
P,HOK,HOK ,SEK,A,2,5,3,1A,2880,,
AB,HOK,HOK ,SEK,A,2,5,3,1B,2880,,
P,SEK,HOK ,SEK,H,2,5,3,1C,2880,,
AB,SEK,HOK ,SEK,H,2,5,3,1D,2880,,
P,SEK,SEK ,SEK,H,2,5,3,1E,2880,,
AB,SEK,SEK ,SEK,H,2,5,3,1F,2880,,
P,HOK,SEK ,SEK,A,2,5,3,1G,2880,,
AB,HOK,SEK ,SEK,A,2,5,3,1H,2880,,
P,HOK,HOK ,SEK,A,2,5,3,2A,2880,,
AB,HOK,HOK ,SEK,A,2,5,3,2B,2880,,
P,SEK,HOK ,SEK,H,2,5,3,2C,2880,,
AB,SEK,HOK ,SEK,H,2,5,3,2D,2880,,
P,SEK,SEK ,SEK,H,2,5,3,2E,2880,,
AB,SEK,SEK ,SEK,H,2,5,3,2F,2880,,
P,HOK,SEK ,SEK,A,2,5,3,2G,2880,,
AB,HOK,SEK ,SEK,A,2,5,3,2H,2880,,
P,HOK,HOK ,SEK,A,2,5,3,3A,2880,,
AB,HOK,HOK ,SEK,A,2,5,3,3B,2880,,
P,SEK,HOK ,SEK,H,2,5,3,3C,2880,,
AB,SEK,HOK ,SEK,H,2,5,3,3D,2880,,
P,SEK,SEK ,SEK,H,2,5,3,3E,2880,,
AB,SEK,SEK ,SEK,H,2,5,3,3F,2880,,
P,HOK,SEK ,SEK,A,2,5,3,3G,2880,,
AB,HOK,SEK ,SEK,A,2,5,3,3H,2880,,
P,HOK,HOK ,SEK,A,2,4,3,4A,2880,,
AB,HOK,HOK ,SEK,A,2,4,3,4B,2880,,
P,SEK,HOK ,SEK,H,2,4,3,4C,2880,,
AB,SEK,HOK ,SEK,H,2,4,3,4D,2880,,
P,SEK,SEK ,SEK,H,2,4,3,4E,2880,,
AB,SEK,SEK ,SEK,H,2,4,3,4F,2880,,
P,HOK,SEK ,SEK,A,2,4,3,4G,2880,,
AB,HOK,SEK ,SEK,A,2,4,3,4H,2880,,
P,HOK,HOK ,SEK,A,2,4,3,5A,2880,,
AB,HOK,HOK ,SEK,A,2,4,3,5B,2880,,
P,SEK,HOK ,SEK,H,2,4,3,5C,2880,,
AB,SEK,HOK ,SEK,H,2,4,3,5D,2880,,
P,SEK,SEK ,SEK,H,2,4,3,5E,2880,,
AB,SEK,SEK ,SEK,H,2,4,3,5F,2880,,
P,HOK,SEK ,SEK,A,2,4,3,5G,2880,,
AB,HOK,SEK ,SEK,A,2,4,3,5H,2880,,
P,HOK,HOK ,HOK,H,2,4,3,6A,2880,,
AB,HOK,HOK ,HOK,H,2,4,3,6B,2880,,
P,SEK,HOK ,HOK,A,2,4,3,6C,2880,,
AB,SEK,HOK ,HOK,A,2,4,3,6D,2880,,
P,SEK,SEK ,HOK,A,2,4,3,6E,2880,,
AB,SEK,SEK ,HOK,A,2,4,3,6F,2880,,
P,HOK,SEK ,HOK,H,2,4,3,6G,2880,,
AB,HOK,SEK ,HOK,H,2,4,3,6H,2880,,
P,HOK,HOK ,HOK,H,2,3,3,7A,2880,,
AB,HOK,HOK ,HOK,H,2,3,3,7B,2880,,
P,SEK,HOK ,HOK,A,2,3,3,7C,2880,,
AB,SEK,HOK ,HOK,A,2,3,3,7D,2880,,
P,SEK,SEK ,HOK,A,2,3,3,7E,2880,,
AB,SEK,SEK ,HOK,A,2,3,3,7F,2880,,
P,HOK,SEK ,HOK,H,2,3,3,7G,2880,,
AB,HOK,SEK ,HOK,H,2,3,3,7H,2880,,
P,HOK,HOK ,HOK,H,2,3,3,8A,2880,,
AB,HOK,HOK ,HOK,H,2,3,3,8B,2880,,
P,SEK,HOK ,HOK,A,2,3,3,8C,2880,,
AB,SEK,HOK ,HOK,A,2,3,3,8D,2880,,
P,SEK,SEK ,HOK,A,2,3,3,8E,2880,,
AB,SEK,SEK ,HOK,A,2,3,3,8F,2880,,
P,HOK,SEK ,HOK,H,2,3,3,8G,2880,,
AB,HOK,SEK ,HOK,H,2,3,3,8H,2880,,
P,HOK,HOK ,HOK,H,2,3,3,9A,2880,,
AB,HOK,HOK ,HOK,H,2,3,3,9B,2880,,
P,SEK,HOK ,HOK,A,2,3,3,9C,2880,,
AB,SEK,HOK ,HOK,A,2,3,3,9D,2880,,
P,SEK,SEK ,HOK,A,2,3,3,9E,2880,,
AB,SEK,SEK ,HOK,A,2,3,3,9F,2880,,
P,HOK,SEK ,HOK,H,2,3,3,9G,2880,,
AB,HOK,SEK ,HOK,H,2,3,3,9H,2880,,
P,HOK,HOK ,HOK,H,2,2,3,10A,2880,,
AB,HOK,HOK ,HOK,H,2,2,3,10B,2880,,
P,SEK,HOK ,HOK,A,2,2,3,10C,2880,,
AB,SEK,HOK ,HOK,A,2,2,3,10D,2880,,
P,SEK,SEK ,HOK,A,2,2,3,10E,2880,,
AB,SEK,SEK ,HOK,A,2,2,3,10F,2880,,
P,HOK,SEK ,HOK,H,2,2,3,10G,2880,,
AB,HOK,SEK ,HOK,H,2,2,3,10H,2880,,
P,HOK,HOK ,SEK,A,1,5,3,1A,2880,0.478,0.3505
AB,HOK,HOK ,SEK,A,1,5,3,1B,2880,0.549,0.4215
P,SEK,HOK ,SEK,H,1,5,3,1C,2880,0.504,0.3765
AB,SEK,HOK ,SEK,H,1,5,3,1D,2880,0.637,0.5095
P,SEK,SEK ,SEK,H,1,5,3,1E,2880,1.36,1.2325
AB,SEK,SEK ,SEK,H,1,5,3,1F,2880,0.425,0.2975
P,HOK,SEK ,SEK,A,1,5,3,1G,2880,0.94,0.8125
AB,HOK,SEK ,SEK,A,1,5,3,1H,2880,0.646,0.5185
P,HOK,HOK ,SEK,A,1,5,3,2A,2880,1.47,1.3425
AB,HOK,HOK ,SEK,A,1,1,3,2B,2880,0.753,0.6255
P,SEK,HOK ,SEK,H,1,1,3,2C,2880,1.914,1.7865
AB,SEK,HOK ,SEK,H,1,1,3,2D,2880,0.493,0.3655
P,SEK,SEK ,SEK,H,1,1,3,2E,2880,0.719,0.5915
AB,SEK,SEK ,SEK,H,1,1,3,2F,2880,1.649,1.5215
P,HOK,SEK ,SEK,A,1,1,3,2G,2880,1.68,1.5525
AB,HOK,SEK ,SEK,A,1,1,3,2H,2880,0.934,0.8065
P,HOK,HOK ,SEK,A,1,1,3,3A,2880,0.811,0.6835
AB,HOK,HOK ,SEK,A,1,1,3,3B,2880,0.649,0.5215
P,SEK,HOK ,SEK,H,1,1,3,3C,2880,1.285,1.1575
AB,SEK,HOK ,SEK,H,1,1,3,3D,2880,0.311,0.1835
P,SEK,SEK ,SEK,H,1,1,3,3E,2880,0.868,0.7405
AB,SEK,SEK ,SEK,H,1,1,3,3F,2880,0.483,0.3555
P,HOK,SEK ,SEK,A,1,1,3,3G,2880,0.931,0.8035
AB,HOK,SEK ,SEK,A,1,1,3,3H,2880,0.62,0.4925
P,HOK,HOK ,SEK,A,1,1,3,4A,2880,0.881,0.7535
AB,HOK,HOK ,SEK,A,1,1,3,4B,2880,0.901,0.7735
P,SEK,HOK ,SEK,H,1,1,3,4C,2880,0.742,0.6145
AB,SEK,HOK ,SEK,H,1,1,3,4D,2880,0.492,0.3645
P,SEK,SEK ,SEK,H,1,1,3,4E,2880,0.73,0.6025
AB,SEK,SEK ,SEK,H,1,1,3,4F,2880,1.112,0.9845
P,HOK,SEK ,SEK,A,1,1,3,4G,2880,2.12,1.9925
AB,HOK,SEK ,SEK,A,1,1,3,4H,2880,1.288,1.1605
P,HOK,HOK ,SEK,A,1,1,3,5A,2880,0.642,0.5145
AB,HOK,HOK ,SEK,A,1,1,3,5B,2880,0.861,0.7335
P,SEK,HOK ,SEK,H,1,1,3,5C,2880,0.723,0.5955
AB,SEK,HOK ,SEK,H,1,1,3,5D,2880,0.615,0.4875
P,SEK,SEK ,SEK,H,1,1,3,5E,2880,1.656,1.5285
AB,SEK,SEK ,SEK,H,1,1,3,5F,2880,0.36,0.2325
P,HOK,SEK ,SEK,A,1,1,3,5G,2880,0.659,0.5315
AB,HOK,SEK ,SEK,A,1,1,3,5H,2880,0.585,0.4575
P,HOK,HOK ,HOK,H,1,5,3,6A,2880,0.861,0.7335
AB,HOK,HOK ,HOK,H,1,5,3,6B,2880,0.913,0.7855
P,SEK,HOK ,HOK,A,1,5,3,6C,2880,0.65,0.5225
AB,SEK,HOK ,HOK,A,1,5,3,6D,2880,0.456,0.3285
P,SEK,SEK ,HOK,A,1,5,3,6E,2880,0.644,0.5165
AB,SEK,SEK ,HOK,A,1,5,3,6F,2880,0.477,0.3495
P,HOK,SEK ,HOK,H,1,5,3,6G,2880,0.844,0.7165
AB,HOK,SEK ,HOK,H,1,5,3,6H,2880,0.423,0.2955
P,HOK,HOK ,HOK,H,1,5,3,7A,2880,0.607,0.4795
AB,HOK,HOK ,HOK,H,1,5,3,7B,2880,0.642,0.5145
P,SEK,HOK ,HOK,A,1,5,3,7C,2880,0.253,0.1255
AB,SEK,HOK ,HOK,A,1,5,3,7D,2880,0.445,0.3175
P,SEK,SEK ,HOK,A,1,5,3,7E,2880,0.456,0.3285
AB,SEK,SEK ,HOK,A,1,5,3,7F,2880,0.653,0.5255
P,HOK,SEK ,HOK,H,1,5,3,7G,2880,0.464,0.3365
AB,HOK,SEK ,HOK,H,1,5,3,7H,2880,0.679,0.5515
P,HOK,HOK ,HOK,H,1,5,3,8A,2880,1.386,1.2585
AB,HOK,HOK ,HOK,H,1,5,3,8B,2880,0.549,0.4215
P,SEK,HOK ,HOK,A,1,5,3,8C,2880,1.059,0.9315
AB,SEK,HOK ,HOK,A,1,5,3,8D,2880,0.566,0.4385
P,SEK,SEK ,HOK,A,1,5,3,8E,2880,1.558,1.4305
AB,SEK,SEK ,HOK,A,1,5,3,8F,2880,1.419,1.2915
P,HOK,SEK ,HOK,H,1,5,3,8G,2880,1.325,1.1975
AB,HOK,SEK ,HOK,H,1,5,3,8H,2880,0.566,0.4385
P,HOK,HOK ,HOK,H,1,4,3,9A,2880,1.183,1.0555
AB,HOK,HOK ,HOK,H,1,4,3,9B,2880,0.549,0.4215
P,SEK,HOK ,HOK,A,1,4,3,9C,2880,1.827,1.6995
AB,SEK,HOK ,HOK,A,1,4,3,9D,2880,1.681,1.5535
P,SEK,SEK ,HOK,A,1,4,3,9E,2880,0.526,0.3985
AB,SEK,SEK ,HOK,A,1,4,3,9FR,2880,1.258,1.1305
P,HOK,SEK ,HOK,H,1,4,3,9G,2880,1.238,1.1105
AB,HOK,SEK ,HOK,H,1,4,3,9H,2880,0.482,0.3545
P,HOK,HOK ,HOK,H,1,4,3,10A,2880,1.084,0.9565
AB,HOK,HOK ,HOK,H,1,4,3,10B,2880,1.235,1.1075
P,SEK,HOK ,HOK,A,1,4,3,10C,2880,0.892,0.7645
AB,SEK,HOK ,HOK,A,1,4,3,10D,2880,1.183,1.0555
P,SEK,SEK ,HOK,A,1,4,3,10E,2880,0.971,0.8435
AB,SEK,SEK ,HOK,A,1,4,3,10F,2880,1.633,1.5055
P,HOK,SEK ,HOK,H,1,4,3,10G,2880,1.527,1.3995
AB,HOK,SEK ,HOK,H,1,4,3,10H,2880,1.377,1.2495
P,HOK,HOK ,SEK,A,2,5,3,1A,4320,,
AB,HOK,HOK ,SEK,A,2,5,3,1B,4320,,
P,SEK,HOK ,SEK,H,2,5,3,1C,4320,,
AB,SEK,HOK ,SEK,H,2,5,3,1D,4320,,
P,SEK,SEK ,SEK,H,2,5,3,1E,4320,,
AB,SEK,SEK ,SEK,H,2,5,3,1F,4320,,
P,HOK,SEK ,SEK,A,2,5,3,1G,4320,,
AB,HOK,SEK ,SEK,A,2,5,3,1H,4320,,
P,HOK,HOK ,SEK,A,2,5,3,2A,4320,,
AB,HOK,HOK ,SEK,A,2,5,3,2B,4320,,
P,SEK,HOK ,SEK,H,2,5,3,2C,4320,,
AB,SEK,HOK ,SEK,H,2,5,3,2D,4320,,
P,SEK,SEK ,SEK,H,2,5,3,2E,4320,,
AB,SEK,SEK ,SEK,H,2,5,3,2F,4320,,
P,HOK,SEK ,SEK,A,2,5,3,2G,4320,,
AB,HOK,SEK ,SEK,A,2,5,3,2H,4320,,
P,HOK,HOK ,SEK,A,2,5,3,3A,4320,,
AB,HOK,HOK ,SEK,A,2,5,3,3B,4320,,
P,SEK,HOK ,SEK,H,2,5,3,3C,4320,,
AB,SEK,HOK ,SEK,H,2,5,3,3D,4320,,
P,SEK,SEK ,SEK,H,2,5,3,3E,4320,,
AB,SEK,SEK ,SEK,H,2,5,3,3F,4320,,
P,HOK,SEK ,SEK,A,2,5,3,3G,4320,,
AB,HOK,SEK ,SEK,A,2,5,3,3H,4320,,
P,HOK,HOK ,SEK,A,2,4,3,4A,4320,,
AB,HOK,HOK ,SEK,A,2,4,3,4B,4320,,
P,SEK,HOK ,SEK,H,2,4,3,4C,4320,,
AB,SEK,HOK ,SEK,H,2,4,3,4D,4320,,
P,SEK,SEK ,SEK,H,2,4,3,4E,4320,,
AB,SEK,SEK ,SEK,H,2,4,3,4F,4320,,
P,HOK,SEK ,SEK,A,2,4,3,4G,4320,,
AB,HOK,SEK ,SEK,A,2,4,3,4H,4320,,
P,HOK,HOK ,SEK,A,2,4,3,5A,4320,,
AB,HOK,HOK ,SEK,A,2,4,3,5B,4320,,
P,SEK,HOK ,SEK,H,2,4,3,5C,4320,,
AB,SEK,HOK ,SEK,H,2,4,3,5D,4320,,
P,SEK,SEK ,SEK,H,2,4,3,5E,4320,,
AB,SEK,SEK ,SEK,H,2,4,3,5F,4320,,
P,HOK,SEK ,SEK,A,2,4,3,5G,4320,,
AB,HOK,SEK ,SEK,A,2,4,3,5H,4320,,
P,HOK,HOK ,HOK,H,2,4,3,6A,4320,,
AB,HOK,HOK ,HOK,H,2,4,3,6B,4320,,
P,SEK,HOK ,HOK,A,2,4,3,6C,4320,,
AB,SEK,HOK ,HOK,A,2,4,3,6D,4320,,
P,SEK,SEK ,HOK,A,2,4,3,6E,4320,,
AB,SEK,SEK ,HOK,A,2,4,3,6F,4320,,
P,HOK,SEK ,HOK,H,2,4,3,6G,4320,,
AB,HOK,SEK ,HOK,H,2,4,3,6H,4320,,
P,HOK,HOK ,HOK,H,2,3,3,7A,4320,,
AB,HOK,HOK ,HOK,H,2,3,3,7B,4320,,
P,SEK,HOK ,HOK,A,2,3,3,7C,4320,,
AB,SEK,HOK ,HOK,A,2,3,3,7D,4320,,
P,SEK,SEK ,HOK,A,2,3,3,7E,4320,,
AB,SEK,SEK ,HOK,A,2,3,3,7F,4320,,
P,HOK,SEK ,HOK,H,2,3,3,7G,4320,,
AB,HOK,SEK ,HOK,H,2,3,3,7H,4320,,
P,HOK,HOK ,HOK,H,2,3,3,8A,4320,,
AB,HOK,HOK ,HOK,H,2,3,3,8B,4320,,
P,SEK,HOK ,HOK,A,2,3,3,8C,4320,,
AB,SEK,HOK ,HOK,A,2,3,3,8D,4320,,
P,SEK,SEK ,HOK,A,2,3,3,8E,4320,,
AB,SEK,SEK ,HOK,A,2,3,3,8F,4320,,
P,HOK,SEK ,HOK,H,2,3,3,8G,4320,,
AB,HOK,SEK ,HOK,H,2,3,3,8H,4320,,
P,HOK,HOK ,HOK,H,2,3,3,9A,4320,,
AB,HOK,HOK ,HOK,H,2,3,3,9B,4320,,
P,SEK,HOK ,HOK,A,2,3,3,9C,4320,,
AB,SEK,HOK ,HOK,A,2,3,3,9D,4320,,
P,SEK,SEK ,HOK,A,2,3,3,9E,4320,,
AB,SEK,SEK ,HOK,A,2,3,3,9F,4320,,
P,HOK,SEK ,HOK,H,2,3,3,9G,4320,,
AB,HOK,SEK ,HOK,H,2,3,3,9H,4320,,
P,HOK,HOK ,HOK,H,2,2,3,10A,4320,,
AB,HOK,HOK ,HOK,H,2,2,3,10B,4320,,
P,SEK,HOK ,HOK,A,2,2,3,10C,4320,,
AB,SEK,HOK ,HOK,A,2,2,3,10D,4320,,
P,SEK,SEK ,HOK,A,2,2,3,10E,4320,,
AB,SEK,SEK ,HOK,A,2,2,3,10F,4320,,
P,HOK,SEK ,HOK,H,2,2,3,10G,4320,,
AB,HOK,SEK ,HOK,H,2,2,3,10H,4320,,
P,HOK,HOK ,SEK,A,1,5,3,1A,4320,0.551,0.414
AB,HOK,HOK ,SEK,A,1,5,3,1B,4320,0.604,0.467
P,SEK,HOK ,SEK,H,1,5,3,1C,4320,0.494,0.357
AB,SEK,HOK ,SEK,H,1,5,3,1D,4320,0.53,0.393
P,SEK,SEK ,SEK,H,1,5,3,1E,4320,1.512,1.375
AB,SEK,SEK ,SEK,H,1,5,3,1F,4320,0.415,0.278
P,HOK,SEK ,SEK,A,1,5,3,1G,4320,1.068,0.931
AB,HOK,SEK ,SEK,A,1,5,3,1H,4320,0.682,0.545
P,HOK,HOK ,SEK,A,1,5,3,2A,4320,1.644,1.507
AB,HOK,HOK ,SEK,A,1,1,3,2B,4320,0.867,0.73
P,SEK,HOK ,SEK,H,1,1,3,2C,4320,1.932,1.795
AB,SEK,HOK ,SEK,H,1,1,3,2D,4320,0.516,0.379
P,SEK,SEK ,SEK,H,1,1,3,2E,4320,0.7,0.563
AB,SEK,SEK ,SEK,H,1,1,3,2F,4320,1.537,1.4
P,HOK,SEK ,SEK,A,1,1,3,2G,4320,1.639,1.502
AB,HOK,SEK ,SEK,A,1,1,3,2H,4320,0.846,0.709
P,HOK,HOK ,SEK,A,1,1,3,3A,4320,0.901,0.764
AB,HOK,HOK ,SEK,A,1,1,3,3B,4320,0.666,0.529
P,SEK,HOK ,SEK,H,1,1,3,3C,4320,1.455,1.318
AB,SEK,HOK ,SEK,H,1,1,3,3D,4320,0.361,0.224
P,SEK,SEK ,SEK,H,1,1,3,3E,4320,0.938,0.801
AB,SEK,SEK ,SEK,H,1,1,3,3F,4320,0.47,0.333
P,HOK,SEK ,SEK,A,1,1,3,3G,4320,0.61,0.473
AB,HOK,SEK ,SEK,A,1,1,3,3H,4320,0.623,0.486
P,HOK,HOK ,SEK,A,1,1,3,4A,4320,1.023,0.886
AB,HOK,HOK ,SEK,A,1,1,3,4B,4320,0.749,0.612
P,SEK,HOK ,SEK,H,1,1,3,4C,4320,0.807,0.67
AB,SEK,HOK ,SEK,H,1,1,3,4D,4320,0.528,0.391
P,SEK,SEK ,SEK,H,1,1,3,4E,4320,0.822,0.685
AB,SEK,SEK ,SEK,H,1,1,3,4F,4320,1.193,1.056
P,HOK,SEK ,SEK,A,1,1,3,4G,4320,2.07,1.933
AB,HOK,SEK ,SEK,A,1,1,3,4H,4320,0.789,0.652
P,HOK,HOK ,SEK,A,1,1,3,5A,4320,0.769,0.632
AB,HOK,HOK ,SEK,A,1,1,3,5B,4320,0.912,0.775
P,SEK,HOK ,SEK,H,1,1,3,5C,4320,0.789,0.652
AB,SEK,HOK ,SEK,H,1,1,3,5D,4320,0.664,0.527
P,SEK,SEK ,SEK,H,1,1,3,5E,4320,1.009,0.872
AB,SEK,SEK ,SEK,H,1,1,3,5F,4320,0.433,0.296
P,HOK,SEK ,SEK,A,1,1,3,5G,4320,0.686,0.549
AB,HOK,SEK ,SEK,A,1,1,3,5H,4320,0.612,0.475
P,HOK,HOK ,HOK,H,1,5,3,6A,4320,0.963,0.826
AB,HOK,HOK ,HOK,H,1,5,3,6B,4320,1.042,0.905
P,SEK,HOK ,HOK,A,1,5,3,6C,4320,0.634,0.497
AB,SEK,HOK ,HOK,A,1,5,3,6D,4320,0.449,0.312
P,SEK,SEK ,HOK,A,1,5,3,6E,4320,0.588,0.451
AB,SEK,SEK ,HOK,A,1,5,3,6F,4320,0.475,0.338
P,HOK,SEK ,HOK,H,1,5,3,6G,4320,0.944,0.807
AB,HOK,SEK ,HOK,H,1,5,3,6H,4320,0.469,0.332
P,HOK,HOK ,HOK,H,1,5,3,7A,4320,0.665,0.528
AB,HOK,HOK ,HOK,H,1,5,3,7B,4320,0.61,0.473
P,SEK,HOK ,HOK,A,1,5,3,7C,4320,0.234,0.097
AB,SEK,HOK ,HOK,A,1,5,3,7D,4320,0.505,0.368
P,SEK,SEK ,HOK,A,1,5,3,7E,4320,0.502,0.365
AB,SEK,SEK ,HOK,A,1,5,3,7F,4320,0.611,0.474
P,HOK,SEK ,HOK,H,1,5,3,7G,4320,0.496,0.359
AB,HOK,SEK ,HOK,H,1,5,3,7H,4320,0.735,0.598
P,HOK,HOK ,HOK,H,1,5,3,8A,4320,1.465,1.328
AB,HOK,HOK ,HOK,H,1,5,3,8B,4320,0.549,0.412
P,SEK,HOK ,HOK,A,1,5,3,8C,4320,1,0.863
AB,SEK,HOK ,HOK,A,1,5,3,8D,4320,0.609,0.472
P,SEK,SEK ,HOK,A,1,5,3,8E,4320,1.094,0.957
AB,SEK,SEK ,HOK,A,1,5,3,8F,4320,1.455,1.318
P,HOK,SEK ,HOK,H,1,5,3,8G,4320,0.778,0.641
AB,HOK,SEK ,HOK,H,1,5,3,8H,4320,0.556,0.419
P,HOK,HOK ,HOK,H,1,4,3,9A,4320,1.355,1.218
AB,HOK,HOK ,HOK,H,1,4,3,9B,4320,0.57,0.433
P,SEK,HOK ,HOK,A,1,4,3,9C,4320,1.72,1.583
AB,SEK,HOK ,HOK,A,1,4,3,9D,4320,1.402,1.265
P,SEK,SEK ,HOK,A,1,4,3,9E,4320,0.562,0.425
AB,SEK,SEK ,HOK,A,1,4,3,9FR,4320,1.154,1.017
P,HOK,SEK ,HOK,H,1,4,3,9G,4320,1.421,1.284
AB,HOK,SEK ,HOK,H,1,4,3,9H,4320,0.601,0.464
P,HOK,HOK ,HOK,H,1,4,3,10A,4320,1.125,0.988
AB,HOK,HOK ,HOK,H,1,4,3,10B,4320,1.286,1.149
P,SEK,HOK ,HOK,A,1,4,3,10C,4320,1.019,0.882
AB,SEK,HOK ,HOK,A,1,4,3,10D,4320,1.715,1.578
P,SEK,SEK ,HOK,A,1,4,3,10E,4320,1.132,0.995
AB,SEK,SEK ,HOK,A,1,4,3,10F,4320,1.645,1.508
P,HOK,SEK ,HOK,H,1,4,3,10G,4320,1.24,1.103
AB,HOK,SEK ,HOK,H,1,4,3,10H,4320,1.405,1.268